,ad_id,xyz_campaign_id,fb_campaign_id,age,gender,interest,Impressions,Clicks,Spent,Total_Conversion,Approved_Conversion,CTR,CPC,CostPerConv_Total,CostPerConv_Approved,CPM
3,708771,916,103920,30-34,0,20,693,0,0,1,0,0,0.00,0,0,0
6,708820,916,103929,30-34,0,29,1915,0,0,1,1,0,0.00,0,0,0
11,708979,916,103955,30-34,0,31,1224,0,0,1,0,0,0.00,0,0,0
12,709023,916,103962,30-34,0,7,735,0,0,1,0,0,0.00,0,0,0
13,709038,916,103965,30-34,0,16,5117,0,0,1,0,0,0.00,0,0,0
14,709040,916,103965,30-34,0,16,5120,0,0,1,0,0,0.00,0,0,0
16,709105,916,103976,30-34,0,28,1241,0,0,1,1,0,0.00,0,0,0
18,709124,916,103979,30-34,0,31,1024,0,0,1,1,0,0.00,0,0,0
21,709320,916,104012,35-39,0,15,1422,0,0,1,1,0,0.00,0,0,0
25,709328,916,104013,35-39,0,16,3332,0,0,1,1,0,0.00,0,0,0
26,709455,916,104034,35-39,0,7,559,0,0,1,0,0,0.00,0,0,0
30,709761,916,104085,40-44,0,16,2861,0,0,1,0,0,0.00,0,0,0
31,709899,916,104108,40-44,0,15,1398,0,0,1,1,0,0.00,0,0,0
36,710477,916,104205,30-34,1,16,2654,0,0,1,1,0,0.00,0,0,0
41,710628,916,104230,30-34,1,18,1473,0,0,1,0,0,0.00,0,0,0
42,710682,916,104239,30-34,1,27,1186,0,0,1,0,0,0.00,0,0,0
45,710867,916,104270,30-34,1,63,1185,0,0,1,0,0,0.00,0,0,0
52,711785,916,104423,45-49,1,19,292,0,0,1,0,0,0.00,0,0,0
54,712052,916,104467,45-49,1,10,1448,0,0,1,1,0,0.00,0,0,0
151,738637,936,109857,45-49,1,24,944,1,1.419999957,1,0,0.1059,1.42,1.42,1.419999957,1.5
441,950224,936,123464,40-44,0,20,2367,2,2.839999914,1,1,0.0845,1.42,2.84,2.84,1.2
506,951779,936,123723,45-49,1,27,3277,2,2.680000067,1,0,0.061,1.34,2.68,2.680000067,0.82
477,951202,936,123627,45-49,1,26,5307,3,4.289999962,2,1,0.0565,1.43,2.145,4.29,0.81
449,950537,936,123516,40-44,0,36,1884,1,1.409999967,1,0,0.0531,1.41,1.41,1.409999967,0.75
256,776780,936,115561,40-44,0,2,3812,2,3.049999952,1,0,0.0525,1.53,3.05,3.049999952,0.8
446,950495,936,123509,45-49,0,21,1909,1,0.980000019,1,0,0.0524,0.98,0.98,0.980000019,0.51
203,748314,936,111020,45-49,1,31,7821,4,6.340000153,1,1,0.0511,1.59,6.34,6.34,0.81
166,747489,936,110882,40-44,0,2,4016,2,1.480000049,1,1,0.0498,0.74,1.48,1.48,0.37
510,951837,936,123733,45-49,1,20,2077,1,1.50999999,1,1,0.0481,1.51,1.51,1.51,0.73
330,779106,936,115962,35-39,1,30,14670,7,9.410000324,1,0,0.0477,1.34,9.41,9.410000324,0.64
494,951464,936,123671,45-49,1,16,20997,10,11.94999981,1,0,0.0476,1.20,11.95,11.94999981,0.57
504,951715,936,123713,45-49,1,64,10677,5,7.269999981,1,0,0.0468,1.45,7.27,7.269999981,0.68
124,737524,936,109601,40-44,0,30,2148,1,1.580000043,1,1,0.0466,1.58,1.58,1.58,0.74
505,951756,936,123720,35-39,1,22,2189,1,0.409999996,1,0,0.0457,0.41,0.41,0.409999996,0.19
142,738436,936,109820,40-44,1,19,9112,4,5.460000038,1,1,0.0439,1.37,5.46,5.46,0.6
478,951225,936,123631,35-39,1,22,4621,2,3.25,1,1,0.0433,1.63,3.25,3.25,0.7
513,951856,936,123736,30-34,1,20,4626,2,2.099999905,2,0,0.0432,1.05,1.05,2.099999905,0.45
113,736869,936,109448,30-34,0,2,2338,1,0.239999995,1,0,0.0428,0.24,0.24,0.239999995,0.1
109,735247,936,108827,45-49,1,20,14257,6,8.789999962,1,0,0.0421,1.47,8.79,8.789999962,0.62
316,778556,936,115870,40-44,0,32,9735,4,4.130000114,1,1,0.0411,1.03,4.13,4.13,0.42
186,747991,936,110966,35-39,1,25,4868,2,2.420000076,1,0,0.0411,1.21,2.42,2.420000076,0.5
421,782541,936,116569,40-44,1,28,7337,3,4.079999924,1,0,0.0409,1.36,4.08,4.079999924,0.56
415,782228,936,116517,40-44,1,63,12318,5,6.340000153,1,1,0.0406,1.27,6.34,6.34,0.51
255,776725,936,115552,40-44,0,23,2479,1,1.25999999,1,0,0.0403,1.26,1.26,1.25999999,0.51
215,776405,936,115498,45-49,1,21,40126,16,25.86000001,1,0,0.0399,1.62,25.86,25.86000001,0.64
213,776373,936,115493,45-49,1,25,10194,4,4.590000033,2,1,0.0392,1.15,2.295,4.59,0.45
502,951677,936,123706,35-39,1,27,2563,1,1.480000019,1,0,0.039,1.48,1.48,1.480000019,0.58
69,734421,936,108690,35-39,0,27,10332,4,5.75,1,0,0.0387,1.44,5.75,5.75,0.56
459,950770,936,123555,30-34,0,28,7780,3,4.329999924,2,2,0.0386,1.44,2.165,2.165,0.56
462,950776,936,123556,35-39,0,28,2633,1,1.070000052,1,0,0.038,1.07,1.07,1.070000052,0.41
386,781305,936,116363,35-39,1,27,18421,7,10.07999992,1,0,0.038,1.44,10.08,10.07999992,0.55
487,951400,936,123660,45-49,1,10,24028,9,12.39000034,2,0,0.0375,1.38,6.195,12.39000034,0.52
318,778600,936,115878,40-44,1,22,10750,4,5.389999866,1,0,0.0372,1.35,5.39,5.389999866,0.5
515,952001,936,123760,45-49,1,10,5447,2,2.960000038,1,0,0.0367,1.48,2.96,2.960000038,0.54
396,781606,936,116413,35-39,0,20,8200,3,3.919999957,1,0,0.0366,1.31,3.92,3.919999957,0.48
406,782001,936,116479,30-34,0,24,5475,2,2.730000019,1,1,0.0365,1.37,2.73,2.73,0.5
486,951392,936,123659,30-34,1,28,2749,1,1.389999986,1,0,0.0364,1.39,1.39,1.389999986,0.51
264,776861,936,115574,45-49,0,7,16461,6,9.21999979,1,0,0.0364,1.54,9.22,9.21999979,0.56
70,734427,936,108691,35-39,0,28,8259,3,3.980000019,1,0,0.0363,1.33,3.98,3.980000019,0.48
514,951941,936,123750,30-34,1,28,2764,1,1.559999943,1,1,0.0362,1.56,1.56,1.56,0.56
376,780974,936,116303,40-44,1,32,8316,3,4.569999933,1,1,0.0361,1.52,4.57,4.57,0.55
163,747401,936,110867,35-39,0,22,2793,1,0.980000019,1,1,0.0358,0.98,0.98,0.98,0.35
189,748014,936,110970,35-39,1,29,11182,4,4.449999809,1,0,0.0358,1.11,4.45,4.449999809,0.4
263,776840,936,115571,35-39,0,36,2797,1,1.289999962,1,0,0.0358,1.29,1.29,1.289999962,0.46
283,777495,936,115693,40-44,0,19,19581,7,10.42999983,2,0,0.0357,1.49,5.215,10.42999983,0.53
92,734968,936,108781,35-39,1,22,8504,3,3.340000093,1,1,0.0353,1.11,3.34,3.34,0.39
122,737320,936,109553,35-39,0,63,5676,2,3.00999999,1,0,0.0352,1.51,3.01,3.00999999,0.53
178,747828,936,110939,30-34,1,22,28488,10,9.340000033,1,0,0.0351,0.93,9.34,9.340000033,0.33
276,777235,936,115637,30-34,0,65,2883,1,0.99000001,1,1,0.0347,0.99,0.99,0.99,0.34
485,951391,936,123659,30-34,1,28,2879,1,1.590000033,2,2,0.0347,1.59,0.795,0.795,0.55
377,781066,936,116323,40-44,1,22,5794,2,2.269999981,1,0,0.0345,1.14,2.27,2.269999981,0.39
356,780318,936,116183,45-49,1,29,162341,56,77.07999969,3,0,0.0345,1.38,25.6933,77.07999969,0.47
152,738648,936,109859,45-49,1,26,111090,38,51.97000027,5,1,0.0342,1.37,10.394,51.97,0.47
66,734381,936,108683,35-39,0,20,2938,1,1.350000024,1,1,0.034,1.35,1.35,1.35,0.46
466,950878,936,123573,40-44,0,10,2967,1,1.5,1,1,0.0337,1.50,1.5,1.5,0.51
311,778422,936,115848,40-44,1,20,11911,4,3.959999919,1,0,0.0336,0.99,3.96,3.959999919,0.33
491,951444,936,123668,30-34,1,25,2983,1,0.970000029,1,0,0.0335,0.97,0.97,0.970000029,0.33
323,778722,936,115898,35-39,1,64,41785,14,19.10000038,1,0,0.0335,1.36,19.1,19.10000038,0.46
306,778161,936,115804,30-34,0,28,17954,6,7.5400002,2,1,0.0334,1.26,3.77,7.54,0.42
102,735143,936,108810,40-44,1,27,39035,13,19.32999957,1,0,0.0333,1.49,19.33,19.32999957,0.5
137,738307,936,109788,35-39,1,31,3010,1,0.860000014,1,1,0.0332,0.86,0.86,0.86,0.29
138,738389,936,109808,40-44,1,10,27081,9,10.77000046,1,1,0.0332,1.20,10.77,10.77,0.4
280,777398,936,115677,35-39,0,24,3029,1,1.049999952,1,1,0.033,1.05,1.05,1.05,0.35
219,776469,936,115509,45-49,1,28,45397,15,25.41999936,1,1,0.033,1.69,25.42,25.42,0.56
383,781195,936,116345,35-39,1,63,18234,6,7.810000062,1,0,0.0329,1.30,7.81,7.810000062,0.43
405,781999,936,116479,30-34,0,24,9142,3,3.749999881,1,0,0.0328,1.25,3.75,3.749999881,0.41
397,781690,936,116427,45-49,1,26,115896,38,49.44000006,1,0,0.0328,1.30,49.44,49.44000006,0.43
112,735298,936,108836,45-49,1,29,85412,28,38.63999999,2,1,0.0328,1.38,19.32,38.64,0.45
279,777382,936,115675,40-44,0,24,3047,1,1.379999995,1,0,0.0328,1.38,1.38,1.379999995,0.45
399,781857,936,116455,30-34,0,20,9134,3,4.180000067,2,0,0.0328,1.39,2.09,4.180000067,0.46
419,782407,936,116547,45-49,1,10,33664,11,12.51000035,1,0,0.0327,1.14,12.51,12.51000035,0.37
111,735290,936,108834,45-49,1,27,12215,4,6.26000011,1,0,0.0327,1.57,6.26,6.26000011,0.51
146,738582,936,109848,45-49,1,10,46150,15,20.17999983,1,1,0.0325,1.35,20.18,20.18,0.44
201,748295,936,111016,45-49,1,27,9240,3,6.039999962,1,0,0.0325,2.01,6.04,6.039999962,0.65
259,776817,936,115567,40-44,0,10,12356,4,6.279999971,1,0,0.0324,1.57,6.28,6.279999971,0.51
94,735014,936,108788,35-39,1,29,12403,4,5.210000038,1,1,0.0323,1.30,5.21,5.21,0.42
326,778804,936,115912,30-34,0,26,6184,2,2.75,1,1,0.0323,1.38,2.75,2.75,0.44
141,738423,936,109816,40-44,1,18,21664,7,10.61999977,1,1,0.0323,1.52,10.62,10.62,0.49
346,779824,936,116095,45-49,0,7,9375,3,4.019999981,1,0,0.032,1.34,4.02,4.019999981,0.43
500,951608,936,123695,40-44,1,10,3149,1,1.480000019,1,0,0.0318,1.48,1.48,1.480000019,0.47
300,778087,936,115792,30-34,0,26,15910,5,6.779999852,1,0,0.0314,1.36,6.78,6.779999852,0.43
273,777198,936,115631,30-34,0,64,12729,4,5.779999852,1,0,0.0314,1.45,5.78,5.779999852,0.45
224,776489,936,115512,45-49,1,26,175389,55,81.60999787,1,0,0.0314,1.48,81.61,81.60999787,0.47
106,735213,936,108822,45-49,1,10,73634,23,32.97999978,1,0,0.0312,1.43,32.98,32.97999978,0.45
168,747645,936,110908,45-49,0,10,9674,3,4.600000024,1,1,0.031,1.53,4.6,4.6,0.48
238,776623,936,115535,45-49,0,64,19353,6,9.4799999,1,1,0.031,1.58,9.48,9.48,0.49
372,780821,936,116277,30-34,1,23,6469,2,1.309999943,1,0,0.0309,0.66,1.31,1.309999943,0.2
149,738598,936,109851,45-49,1,18,12956,4,5.49000001,1,1,0.0309,1.37,5.49,5.49,0.42
379,781159,936,116339,40-44,1,10,85285,26,36.13000035,1,0,0.0305,1.39,36.13,36.13000035,0.42
187,748000,936,110967,35-39,1,26,6585,2,2.950000048,1,0,0.0304,1.48,2.95,2.950000048,0.45
105,735189,936,108818,40-44,1,64,9965,3,4.050000072,1,0,0.0301,1.35,4.05,4.050000072,0.41
56,734210,936,108654,30-34,0,10,13329,4,5.629999995,1,1,0.03,1.41,5.63,5.63,0.42
131,737931,936,109698,30-34,1,20,3343,1,0.540000021,1,0,0.0299,0.54,0.54,0.540000021,0.16
310,778421,936,115848,40-44,1,20,6699,2,3.090000033,1,0,0.0299,1.55,3.09,3.090000033,0.46
387,781327,936,116367,35-39,1,29,164754,49,67.97999978,2,1,0.0297,1.39,33.99,67.98,0.41
93,734999,936,108786,35-39,1,27,20277,6,8.050000072,1,0,0.0296,1.34,8.05,8.050000072,0.4
179,747852,936,110943,30-34,1,26,10126,3,4.619999886,1,0,0.0296,1.54,4.62,4.619999886,0.46
400,781858,936,116455,30-34,0,20,3385,1,1.440000057,1,1,0.0295,1.44,1.44,1.44,0.43
148,738593,936,109850,45-49,1,16,92011,27,34.39000046,2,1,0.0293,1.27,17.195,34.39,0.37
258,776799,936,115564,45-49,0,20,10257,3,3.579999924,1,1,0.0292,1.19,3.58,3.58,0.35
371,780799,936,116273,30-34,1,22,44699,13,17.30000037,2,0,0.0291,1.33,8.65,17.30000037,0.39
369,780760,936,116267,45-49,1,18,17167,5,6.910000086,1,0,0.0291,1.38,6.91,6.910000086,0.4
101,735140,936,108809,40-44,1,26,6907,2,2.349999964,1,0,0.029,1.18,2.35,2.349999964,0.34
212,776353,936,115490,40-44,1,63,27559,8,13.37,1,0,0.029,1.67,13.37,13.37,0.49
200,748294,936,111016,45-49,1,27,82827,24,47.93000031,3,0,0.029,2.00,15.9767,47.93000031,0.58
281,777410,936,115679,45-49,0,26,3490,1,1.340000033,1,1,0.0287,1.34,1.34,1.34,0.38
76,734726,936,108740,45-49,0,29,10466,3,4.090000033,1,0,0.0287,1.36,4.09,4.090000033,0.39
107,735220,936,108823,45-49,1,15,69708,20,31.28999949,1,0,0.0287,1.56,31.29,31.28999949,0.45
370,780797,936,116273,30-34,1,22,24491,7,9.539999962,1,0,0.0286,1.36,9.54,9.539999962,0.39
265,776892,936,115580,40-44,0,63,17488,5,7.719999909,1,0,0.0286,1.54,7.72,7.719999909,0.44
206,776322,936,115485,45-49,1,16,119063,34,53.21999949,1,0,0.0286,1.57,53.22,53.21999949,0.45
357,780323,936,116183,45-49,1,29,24542,7,9.329999924,1,0,0.0285,1.33,9.33,9.329999924,0.38
516,952031,936,123765,40-44,1,16,28169,8,12.36999989,1,1,0.0284,1.55,12.37,12.37,0.44
246,776668,936,115542,40-44,0,19,3523,1,1.809999943,1,1,0.0284,1.81,1.81,1.81,0.51
227,776519,936,115517,45-49,1,65,70702,20,31.7099998,1,0,0.0283,1.59,31.71,31.7099998,0.45
336,779609,936,116059,35-39,1,15,7116,2,1.730000019,1,1,0.0281,0.87,1.73,1.73,0.24
418,782337,936,116535,45-49,1,16,104578,29,39.25000095,1,1,0.0277,1.35,39.25,39.25,0.38
153,747212,936,110836,30-34,0,10,7208,2,3.190000057,1,0,0.0277,1.60,3.19,3.190000057,0.44
297,778037,936,115784,35-39,0,27,14615,4,6.050000191,1,0,0.0274,1.51,6.05,6.050000191,0.41
216,776416,936,115500,45-49,1,19,3659,1,0.49000001,1,1,0.0273,0.49,0.49,0.49,0.13
331,779438,936,116031,30-34,1,64,33144,9,13.40999985,1,0,0.0272,1.49,13.41,13.40999985,0.4
385,781303,936,116363,35-39,1,27,73676,20,28.5,1,0,0.0271,1.43,28.5,28.5,0.39
210,776336,936,115487,45-49,1,10,22216,6,9.549999952,1,0,0.027,1.59,9.55,9.549999952,0.43
484,951334,936,123649,30-34,1,64,3717,1,1.539999962,1,0,0.0269,1.54,1.54,1.539999962,0.41
195,748225,936,111005,45-49,1,15,18602,5,8.860000134,1,0,0.0269,1.77,8.86,8.860000134,0.48
334,779573,936,116053,35-39,1,10,89527,24,32.28999996,1,0,0.0268,1.35,32.29,32.28999996,0.36
126,737657,936,109633,45-49,0,18,7478,2,2.900000095,1,1,0.0267,1.45,2.9,2.9,0.39
423,782647,936,116587,40-44,1,27,11244,3,4.550000191,1,0,0.0267,1.52,4.55,4.550000191,0.4
272,777187,936,115629,40-44,0,27,11292,3,5.389999866,1,1,0.0266,1.80,5.39,5.39,0.48
493,951462,936,123671,45-49,1,16,7589,2,3.150000095,1,1,0.0264,1.58,3.15,3.15,0.42
202,748303,936,111018,45-49,1,29,7706,2,2.369999886,1,0,0.026,1.19,2.37,2.369999886,0.31
428,782815,936,116615,40-44,1,10,11537,3,4.300000191,1,0,0.026,1.43,4.3,4.300000191,0.37
72,734582,936,108716,40-44,0,29,7709,2,1.320000052,2,0,0.0259,0.66,0.66,1.320000052,0.17
345,779789,936,116089,45-49,0,10,11611,3,3.950000048,1,1,0.0258,1.32,3.95,3.95,0.34
117,736988,936,109472,30-34,0,28,3891,1,1.090000033,1,0,0.0257,1.09,1.09,1.090000033,0.28
284,777519,936,115697,45-49,0,29,19537,5,6.099999905,1,0,0.0256,1.22,6.1,6.099999905,0.31
343,779738,936,116081,30-34,1,28,15645,4,5.349999905,1,0,0.0256,1.34,5.35,5.349999905,0.34
299,778085,936,115792,30-34,0,26,11735,3,4.529999971,1,1,0.0256,1.51,4.53,4.53,0.39
174,747791,936,110932,30-34,1,10,31393,8,10.96000051,1,1,0.0255,1.37,10.96,10.96,0.35
309,778266,936,115822,40-44,1,27,74542,19,34.1500001,1,0,0.0255,1.80,34.15,34.1500001,0.46
86,734866,936,108764,30-34,1,29,11803,3,4.440000057,1,0,0.0254,1.48,4.44,4.440000057,0.38
208,776325,936,115485,45-49,1,16,452398,114,180.2200012,1,0,0.0252,1.58,180.22,180.2200012,0.4
277,777248,936,115639,30-34,1,7,3989,1,1.279999971,1,0,0.0251,1.28,1.28,1.279999971,0.32
209,776334,936,115487,45-49,1,10,191223,48,76.41000056,1,0,0.0251,1.59,76.41,76.41000056,0.4
196,748230,936,111006,45-49,1,16,83929,21,27.72999954,4,1,0.025,1.32,6.9325,27.73,0.33
237,776615,936,115533,45-49,0,63,11988,3,4.269999862,1,0,0.025,1.42,4.27,4.269999862,0.36
382,781187,936,116343,40-44,1,16,164118,41,59.06999993,1,0,0.025,1.44,59.07,59.06999993,0.36
228,776533,936,115520,45-49,1,63,63927,16,25.52000046,2,0,0.025,1.60,12.76,25.52000046,0.4
431,950068,936,123438,30-34,0,10,4012,1,1.570000052,1,0,0.0249,1.57,1.57,1.570000052,0.39
324,778737,936,115900,35-39,0,27,8077,2,3.579999924,1,1,0.0248,1.79,3.58,3.58,0.44
71,734433,936,108692,35-39,0,29,12158,3,4.449999928,1,0,0.0247,1.48,4.45,4.449999928,0.37
429,782816,936,116615,40-44,1,10,12183,3,2.869999945,1,0,0.0246,0.96,2.87,2.869999945,0.24
509,951812,936,123729,35-39,1,16,16274,4,6.079999924,2,0,0.0246,1.52,3.04,6.079999924,0.37
110,735289,936,108834,45-49,1,27,20362,5,9.119999886,1,1,0.0246,1.82,9.12,9.12,0.45
140,738413,936,109813,40-44,1,16,147159,36,58.16000044,3,1,0.0245,1.62,19.3867,58.16,0.4
199,748235,936,111006,45-49,1,16,102695,25,39.42999983,3,0,0.0243,1.58,13.1433,39.42999983,0.38
407,782022,936,116483,30-34,1,18,8254,2,2.320000052,1,1,0.0242,1.16,2.32,2.32,0.28
198,748233,936,111006,45-49,1,16,78627,19,26.53000045,1,0,0.0242,1.40,26.53,26.53000045,0.34
425,782694,936,116595,35-39,1,29,29035,7,8.910000086,2,2,0.0241,1.27,4.455,4.455,0.31
194,748091,936,110982,40-44,1,16,41720,10,12.06000006,1,1,0.024,1.21,12.06,12.06,0.29
175,747795,936,110933,30-34,1,15,8410,2,2.359999895,1,1,0.0238,1.18,2.36,2.36,0.28
197,748231,936,111006,45-49,1,16,25194,6,7.349999905,1,0,0.0238,1.23,7.35,7.349999905,0.29
192,748087,936,110982,40-44,1,16,29466,7,10.84999967,2,0,0.0238,1.55,5.425,10.84999967,0.37
348,779918,936,116111,30-34,1,18,8469,2,3.089999914,1,0,0.0236,1.55,3.09,3.089999914,0.36
226,776515,936,115517,45-49,1,65,12706,3,4.98999989,1,1,0.0236,1.66,4.99,4.99,0.39
147,738592,936,109850,45-49,1,16,493821,116,176.3799977,4,1,0.0235,1.52,44.095,176.38,0.36
87,734881,936,108766,30-34,1,31,4259,1,1.570000052,1,1,0.0235,1.57,1.57,1.57,0.37
252,776698,936,115547,30-34,0,10,12785,3,4.730000019,2,1,0.0235,1.58,2.365,4.73,0.37
191,748086,936,110982,40-44,1,16,34127,8,13.07000017,1,0,0.0234,1.63,13.07,13.07000017,0.38
193,748089,936,110982,40-44,1,16,38759,9,10.84999967,1,0,0.0232,1.21,10.85,10.84999967,0.28
207,776323,936,115485,45-49,1,16,99078,23,35.79999948,2,0,0.0232,1.56,17.9,35.79999948,0.36
268,777105,936,115615,45-49,0,63,4333,1,0.180000007,1,1,0.0231,0.18,0.18,0.18,0.04
91,734939,936,108776,35-39,1,16,104648,24,33.33000004,4,2,0.0229,1.39,8.3325,16.665,0.32
84,734854,936,108762,30-34,1,27,57022,13,20.29000032,3,3,0.0228,1.56,6.7633,6.7633,0.36
211,776338,936,115487,45-49,1,10,48291,11,18.01999998,1,0,0.0228,1.64,18.02,18.01999998,0.37
1018,1122244,1178,144731,45-49,1,24,85083,32,38.62999976,1,1,0.0376,1.21,38.63,38.63,0.45
1019,1122246,1178,144731,45-49,1,24,14167,5,7.139999986,1,0,0.0353,1.43,7.14,7.139999986,0.5
964,1122101,1178,144707,40-44,1,25,197772,63,88.21000016,7,2,0.0319,1.40,12.6014,44.105,0.45
1017,1122240,1178,144730,45-49,1,23,284488,90,125.2700011,1,1,0.0316,1.39,125.27,125.27,0.44
977,1122131,1178,144712,40-44,1,30,93176,29,40.37000024,1,1,0.0311,1.39,40.37,40.37,0.43
1037,1122279,1178,144737,45-49,1,30,113567,34,50.29000044,3,0,0.0299,1.48,16.7633,50.29000044,0.44
989,1122176,1178,144719,40-44,1,2,74424,22,30.84000027,1,1,0.0296,1.40,30.84,30.84,0.41
991,1122182,1178,144720,40-44,1,7,40801,12,15.91999972,0,0,0.0294,1.33,15.91999972,15.91999972,0.39
924,1121948,1178,144681,35-39,1,24,118941,35,50.11000001,4,1,0.0294,1.43,12.5275,50.11,0.42
1011,1122223,1178,144727,45-49,1,20,368480,107,140.4200011,5,4,0.029,1.31,28.084,35.105,0.38
1014,1122227,1178,144728,45-49,1,21,183293,53,73.74999964,2,1,0.0289,1.39,36.875,73.75,0.4
1021,1122253,1178,144732,45-49,1,25,449921,129,175.9700005,5,1,0.0287,1.36,35.194,175.97,0.39
332,779453,936,116033,45-49,0,64,4397,1,0.949999988,1,0,0.0227,0.95,0.95,0.949999988,0.22
347,779871,936,116103,30-34,1,32,4402,1,1.330000043,1,1,0.0227,1.33,1.33,1.33,0.3
104,735184,936,108817,40-44,1,63,4412,1,1.450000048,1,0,0.0227,1.45,1.45,1.450000048,0.33
64,734352,936,108678,35-39,0,10,4423,1,1.460000038,1,1,0.0226,1.46,1.46,1.46,0.33
292,777794,936,115743,30-34,0,18,13473,3,2.619999945,3,0,0.0223,0.87,0.8733,2.619999945,0.19
83,734852,936,108761,30-34,1,26,13479,3,4.25,1,0,0.0223,1.42,4.25,4.25,0.32
17,709115,916,103978,30-34,0,30,2305,1,0.569999993,1,0,0.0434,0.57,0.57,0.569999993,0.25
328,778964,936,115938,35-39,1,27,112460,25,41.29000068,1,0,0.0222,1.65,41.29,41.29000068,0.37
180,747859,936,110944,30-34,1,27,22572,5,8.5,1,0,0.0222,1.70,8.5,8.5,0.38
57,734215,936,108655,30-34,0,15,13659,3,3.840000033,1,0,0.022,1.28,3.84,3.840000033,0.28
359,780498,936,116218,30-34,1,64,13621,3,4.090000033,1,0,0.022,1.36,4.09,4.090000033,0.3
125,737644,936,109629,45-49,0,16,45401,10,14.06000042,1,0,0.022,1.41,14.06,14.06000042,0.31
374,780835,936,116279,45-49,1,16,54724,12,17.92999995,1,1,0.0219,1.49,17.93,17.93,0.33
160,747362,936,110861,35-39,0,15,4607,1,1.149999976,1,1,0.0217,1.15,1.15,1.15,0.25
29,709756,916,104085,40-44,0,16,10976,2,1.690000057,1,1,0.0182,0.85,1.69,1.69,0.15
294,777871,936,115756,30-34,0,20,4616,1,1.360000014,1,0,0.0217,1.36,1.36,1.360000014,0.29
495,951465,936,123671,45-49,1,16,4617,1,1.360000014,1,0,0.0217,1.36,1.36,1.360000014,0.29
481,951285,936,123641,35-39,1,16,9297,2,2.619999886,2,1,0.0215,1.31,1.31,2.62,0.28
305,778156,936,115804,30-34,0,28,9388,2,3.140000105,1,0,0.0213,1.57,3.14,3.140000105,0.33
375,780867,936,116285,30-34,1,21,4706,1,1.220000029,1,0,0.0212,1.22,1.22,1.220000029,0.26
2,708749,916,103917,30-34,0,16,17861,2,1.820000023,2,0,0.0112,0.91,0.91,1.820000023,0.1
298,778048,936,115786,30-34,0,27,56615,12,19.88000035,2,0,0.0212,1.66,9.94,19.88000035,0.35
290,777742,936,115735,35-39,0,64,4726,1,1.830000043,1,1,0.0212,1.83,1.83,1.83,0.39
416,782242,936,116519,30-34,1,28,4783,1,0.860000014,1,0,0.0209,0.86,0.86,0.860000014,0.18
286,777627,936,115715,45-49,0,16,157534,33,56.19000077,2,0,0.0209,1.70,28.095,56.19000077,0.36
378,781114,936,116331,40-44,1,18,4813,1,1.029999971,1,0,0.0208,1.03,1.03,1.029999971,0.21
314,778483,936,115858,40-44,1,18,24188,5,8.179999828,1,0,0.0207,1.64,8.18,8.179999828,0.34
266,776928,936,115586,35-39,0,10,9750,2,1.5,1,1,0.0205,0.75,1.5,1.5,0.15
278,777261,936,115641,40-44,0,29,19603,4,5.279999971,1,1,0.0204,1.32,5.28,5.28,0.27
127,737658,936,109633,45-49,0,18,4919,1,1.590000033,1,0,0.0203,1.59,1.59,1.590000033,0.32
167,747514,936,110886,40-44,0,16,14843,3,2.939999938,1,1,0.0202,0.98,2.94,2.94,0.2
285,777625,936,115715,45-49,0,16,59433,12,19.65999949,3,0,0.0202,1.64,6.5533,19.65999949,0.33
354,780104,936,116147,30-34,1,25,4971,1,1.230000019,1,1,0.0201,1.23,1.23,1.23,0.25
476,951133,936,123616,35-39,0,16,9948,2,2.720000029,2,0,0.0201,1.36,1.36,2.720000029,0.27
134,738006,936,109717,30-34,1,27,34740,7,13.41000009,1,1,0.0201,1.92,13.41,13.41,0.39
473,951046,936,123601,30-34,1,16,20050,4,4.659999847,4,1,0.02,1.17,1.165,4.66,0.23
261,776829,936,115569,45-49,0,16,140098,28,46.63000011,1,0,0.02,1.67,46.63,46.63000011,0.33
90,734925,936,108774,35-39,1,10,5024,1,1.409999967,1,1,0.0199,1.41,1.41,1.41,0.28
229,776534,936,115520,45-49,1,63,15105,3,4.25999999,1,0,0.0199,1.42,4.26,4.25999999,0.28
312,778461,936,115854,40-44,0,29,10090,2,2.650000095,1,1,0.0198,1.33,2.65,2.65,0.26
10,708958,916,103952,30-34,0,28,9502,3,3.159999967,1,0,0.0316,1.05,3.16,3.159999967,0.33
139,738408,936,109813,40-44,1,16,20233,4,5.590000153,3,0,0.0198,1.40,1.8633,5.590000153,0.28
393,781508,936,116397,30-34,1,63,5040,1,1.440000057,1,0,0.0198,1.44,1.44,1.440000057,0.29
188,748007,936,110968,35-39,1,27,10164,2,3.720000029,1,1,0.0197,1.86,3.72,3.72,0.37
341,779715,936,116077,30-34,1,29,20409,4,3.829999924,1,0,0.0196,0.96,3.83,3.829999924,0.19
176,747798,936,110934,30-34,1,16,25884,5,7.350000143,1,0,0.0193,1.47,7.35,7.350000143,0.28
291,777758,936,115737,30-34,0,19,5209,1,0.959999979,2,0,0.0192,0.96,0.48,0.959999979,0.18
50,711623,916,104396,40-44,1,15,3812,1,1.129999995,2,1,0.0262,1.13,0.565,1.13,0.3
363,780655,936,116244,30-34,1,29,20941,4,5.909999967,1,1,0.0191,1.48,5.91,5.91,0.28
89,734903,936,108770,30-34,1,64,5323,1,1.289999962,1,1,0.0188,1.29,1.29,1.29,0.24
1010,1122217,1178,144726,45-49,1,19,719083,206,299.5299983,12,5,0.0286,1.45,24.9608,59.906,0.42
373,780830,936,116279,45-49,1,16,16053,3,4.079999924,1,1,0.0187,1.36,4.08,4.08,0.25
262,776831,936,115569,45-49,0,16,107021,20,34.44000012,1,0,0.0187,1.72,34.44,34.44000012,0.32
20,709183,916,103989,35-39,0,16,21026,4,4.630000114,2,1,0.019,1.16,2.315,4.63,0.22
61,734290,936,108668,30-34,0,29,5374,1,1.039999962,4,0,0.0186,1.04,0.26,1.039999962,0.19
235,776579,936,115527,30-34,1,10,26910,5,7.229999781,1,0,0.0186,1.45,7.23,7.229999781,0.27
85,734856,936,108762,30-34,1,27,5453,1,1.389999986,1,1,0.0183,1.39,1.39,1.39,0.25
239,776631,936,115536,40-44,0,29,10960,2,2.890000105,1,0,0.0182,1.45,2.89,2.890000105,0.26
469,951033,936,123599,30-34,1,10,5517,1,1.230000019,1,0,0.0181,1.23,1.23,1.230000019,0.22
444,950452,936,123502,45-49,0,16,5537,1,1.519999981,1,0,0.0181,1.52,1.52,1.519999981,0.27
39,710617,916,104228,30-34,1,15,5014,1,1.190000057,1,0,0.0199,1.19,1.19,1.190000057,0.24
121,737130,936,109507,35-39,0,16,11199,2,2.680000067,1,0,0.0179,1.34,2.68,2.680000067,0.24
78,734785,936,108750,30-34,1,10,5576,1,1.529999971,1,1,0.0179,1.53,1.53,1.53,0.27
325,778756,936,115904,35-39,1,63,5602,1,1.580000043,1,0,0.0179,1.58,1.58,1.580000043,0.28
240,776643,936,115538,30-34,0,15,33491,6,10.56999969,2,1,0.0179,1.76,5.285,10.57,0.32
80,734796,936,108752,30-34,1,16,39337,7,10.03000009,1,1,0.0178,1.43,10.03,10.03,0.25
1012,1122224,1178,144727,45-49,1,20,260945,73,100.8800011,2,2,0.028,1.38,50.44,50.44,0.39
32,709901,916,104109,40-44,0,16,23817,7,8.470000148,1,1,0.0294,1.21,8.47,8.47,0.36
408,782026,936,116483,30-34,1,18,5704,1,1.320000052,1,0,0.0175,1.32,1.32,1.320000052,0.23
301,778112,936,115796,35-39,0,29,11446,2,3.090000033,1,1,0.0175,1.55,3.09,3.09,0.27
1020,1122249,1178,144732,45-49,1,25,300637,84,116.9899981,2,0,0.0279,1.39,58.495,116.9899981,0.39
47,710961,916,104285,35-39,1,25,2508,1,1.220000029,1,0,0.0399,1.22,1.22,1.220000029,0.49
480,951282,936,123641,35-39,1,16,5775,1,1.580000043,1,1,0.0173,1.58,1.58,1.58,0.27
349,779922,936,116111,30-34,1,18,5823,1,1.419999957,1,1,0.0172,1.42,1.42,1.42,0.24
380,781162,936,116339,40-44,1,10,5839,1,1.370000005,1,0,0.0171,1.37,1.37,1.370000005,0.23
130,737896,936,109689,30-34,1,16,17553,3,4.590000153,1,0,0.0171,1.53,4.59,4.590000153,0.26
381,781175,936,116341,40-44,1,15,5859,1,1.539999962,1,0,0.0171,1.54,1.54,1.539999962,0.26
475,951105,936,123611,45-49,0,16,5894,1,1.539999962,1,1,0.017,1.54,1.54,1.54,0.26
430,782862,936,116623,35-39,1,64,5912,1,1.559999943,1,1,0.0169,1.56,1.56,1.56,0.26
288,777670,936,115723,40-44,0,16,23769,4,6.029999852,1,0,0.0168,1.51,6.03,6.029999852,0.25
1023,1122257,1178,144733,45-49,1,26,669671,186,259.1799988,4,1,0.0278,1.39,64.795,259.18,0.39
960,1122079,1178,144703,40-44,1,21,25382,7,9.609999895,1,0,0.0276,1.37,9.61,9.609999895,0.38
4,708815,916,103928,30-34,0,28,4259,1,1.25,1,0,0.0235,1.25,1.25,1.25,0.29
169,747659,936,110910,45-49,0,16,12186,2,2.669999957,1,0,0.0164,1.34,2.67,2.669999957,0.22
1032,1122271,1178,144735,45-49,1,28,348542,96,134.889999,2,0,0.0275,1.41,67.445,134.889999,0.39
403,781929,936,116467,30-34,0,18,6142,1,1.330000043,1,0,0.0163,1.33,1.33,1.330000043,0.22
360,780511,936,116220,30-34,1,63,6175,1,1.370000005,2,1,0.0162,1.37,0.685,1.37,0.22
978,1122138,1178,144713,40-44,1,31,47229,13,19.27999985,1,0,0.0275,1.48,19.28,19.27999985,0.41
65,734361,936,108680,35-39,0,16,12382,2,2.839999914,1,1,0.0162,1.42,2.84,2.84,0.23
8,708895,916,103941,30-34,0,16,10951,1,1.269999981,1,1,0.0091,1.27,1.27,1.27,0.12
1043,1122308,1178,144741,45-49,1,63,427772,117,159.299999,3,1,0.0274,1.36,53.1,159.3,0.37
432,950078,936,123440,30-34,0,16,12396,2,3.210000038,2,1,0.0161,1.61,1.605,3.21,0.26
1046,1122312,1178,144742,45-49,1,64,479882,131,178.6700007,6,0,0.0273,1.36,29.7783,178.6700007,0.37
156,747222,936,110838,30-34,0,16,12489,2,1.960000038,1,0,0.016,0.98,1.96,1.960000038,0.16
411,782135,936,116501,30-34,1,16,25267,4,4.940000057,2,1,0.0158,1.24,2.47,4.94,0.2
1025,1122260,1178,144733,45-49,1,26,536248,146,187.7399978,3,0,0.0272,1.29,62.58,187.7399978,0.35
389,781354,936,116371,35-39,1,10,6424,1,0.529999971,1,0,0.0156,0.53,0.53,0.529999971,0.08
392,781499,936,116395,35-39,0,15,6412,1,1.370000005,1,0,0.0156,1.37,1.37,1.370000005,0.21
1029,1122267,1178,144735,45-49,1,28,288517,78,102.3900002,3,0,0.027,1.31,34.13,102.3900002,0.35
1040,1122290,1178,144738,45-49,1,31,104347,28,38.13999993,4,3,0.0268,1.36,9.535,12.7133,0.37
5,708818,916,103928,30-34,0,28,4133,1,1.289999962,1,1,0.0242,1.29,1.29,1.29,0.31
351,779979,936,116121,35-39,0,16,25817,4,6.019999981,1,0,0.0155,1.51,6.02,6.019999981,0.23
339,779644,936,116065,30-34,1,16,51816,8,10.2299999,2,1,0.0154,1.28,5.115,10.23,0.2
971,1122113,1178,144709,40-44,1,27,913929,245,340.4099993,7,2,0.0268,1.39,48.63,170.205,0.37
37,710480,916,104205,30-34,1,16,57665,14,18.06999969,1,1,0.0243,1.29,18.07,18.07,0.31
417,782275,936,116525,30-34,1,29,6475,1,1.350000024,1,0,0.0154,1.35,1.35,1.350000024,0.21
968,1122107,1178,144708,40-44,1,26,682046,183,254.419997,4,2,0.0268,1.39,63.605,127.21,0.37
427,782754,936,116605,35-39,1,26,6532,1,1.610000014,1,0,0.0153,1.61,1.61,1.610000014,0.25
442,950326,936,123481,35-39,0,16,6607,1,1.320000052,2,0,0.0151,1.32,0.66,1.320000052,0.2
22,709323,916,104012,35-39,0,15,7132,2,2.609999895,1,0,0.028,1.31,2.61,2.609999895,0.37
1036,1122277,1178,144736,45-49,1,29,854940,227,297.9100007,8,3,0.0266,1.31,37.2388,99.3033,0.35
161,747369,936,110862,35-39,0,16,13355,2,3.180000067,1,1,0.015,1.59,3.18,3.18,0.24
1030,1122268,1178,144735,45-49,1,28,202231,53,67.13000107,3,1,0.0262,1.27,22.3767,67.13,0.33
260,776825,936,115568,45-49,0,18,7410,1,1.210000038,1,0,0.0135,1.21,1.21,1.210000038,0.16
974,1122121,1178,144710,40-44,1,28,133419,35,48.18000007,2,1,0.0262,1.38,24.09,48.18,0.36
1034,1122274,1178,144736,45-49,1,29,526923,138,198.0899972,2,1,0.0262,1.44,99.045,198.09,0.38
1038,1122282,1178,144737,45-49,1,30,22859,6,9.419999838,1,0,0.0262,1.57,9.42,9.419999838,0.41
983,1122149,1178,144715,40-44,1,36,72741,19,24.33000016,2,0,0.0261,1.28,12.165,24.33000016,0.33
962,1122089,1178,144705,40-44,1,23,195220,51,78.06000042,1,0,0.0261,1.53,78.06,78.06000042,0.4
388,781353,936,116371,35-39,1,10,7449,1,1.639999986,1,1,0.0134,1.64,1.64,1.64,0.22
40,710623,916,104229,30-34,1,16,38726,7,9.220000267,1,0,0.0181,1.32,9.22,9.220000267,0.24
33,710045,916,104133,45-49,0,16,47224,12,15.82000017,1,0,0.0254,1.32,15.82,15.82000017,0.33
979,1122139,1178,144713,40-44,1,31,92263,24,34.03000015,1,0,0.026,1.42,34.03,34.03000015,0.37
322,778689,936,115892,30-34,0,28,7453,1,1.679999948,1,1,0.0134,1.68,1.68,1.68,0.23
410,782134,936,116501,30-34,1,16,37873,5,6.169999957,1,1,0.0132,1.23,6.17,6.17,0.16
218,776464,936,115508,45-49,1,29,7550,1,1.679999948,1,1,0.0132,1.68,1.68,1.68,0.22
319,778626,936,115882,30-34,0,29,7629,1,0.720000029,1,1,0.0131,0.72,0.72,0.72,0.09
250,776696,936,115547,30-34,0,10,7966,1,1.179999948,1,1,0.0126,1.18,1.18,1.18,0.15
157,747223,936,110838,30-34,0,16,8032,1,0.600000024,2,0,0.0125,0.60,0.3,0.600000024,0.07
961,1122085,1178,144704,40-44,1,22,65726,17,22.12000012,2,0,0.0259,1.30,11.06,22.12000012,0.34
980,1122140,1178,144713,40-44,1,31,81551,21,29.67000008,1,0,0.0258,1.41,29.67,29.67000008,0.36
342,779716,936,116077,30-34,1,29,8044,1,1.110000014,1,0,0.0124,1.11,1.11,1.110000014,0.14
308,778264,936,115822,40-44,1,27,8152,1,0.99000001,1,0,0.0123,0.99,0.99,0.99000001,0.12
992,1122183,1178,144721,40-44,1,66,66017,17,24.22000015,1,0,0.0258,1.42,24.22,24.22000015,0.37
253,776699,936,115547,30-34,0,10,8213,1,1.379999995,1,1,0.0122,1.38,1.38,1.38,0.17
1024,1122258,1178,144733,45-49,1,26,108655,28,46.92000186,1,0,0.0258,1.68,46.92,46.92000186,0.43
233,776553,936,115523,30-34,1,16,66765,8,11.04999971,1,0,0.012,1.38,11.05,11.04999971,0.17
337,779622,936,116061,30-34,1,15,8613,1,0.889999986,2,0,0.0116,0.89,0.445,0.889999986,0.1
946,1122027,1178,144695,35-39,1,7,128616,33,48.54999948,2,0,0.0257,1.47,24.275,48.54999948,0.38
1027,1122265,1178,144734,45-49,1,27,1428421,367,541.7000023,10,0,0.0257,1.48,54.17,541.7000023,0.38
222,776476,936,115510,30-34,0,16,43756,5,5.439999938,0,0,0.0114,1.09,5.439999938,5.439999938,0.12
996,1122193,1178,144722,45-49,1,10,1358324,346,465.0799981,8,2,0.0255,1.34,58.135,232.54,0.34
53,711877,916,104438,45-49,1,63,17572,7,9.379999995,1,0,0.0398,1.34,9.38,9.379999995,0.53
230,776538,936,115521,30-34,1,15,8774,1,1.830000043,1,0,0.0114,1.83,1.83,1.830000043,0.21
244,776662,936,115541,30-34,0,16,27072,3,4.370000005,1,0,0.0111,1.46,4.37,4.370000005,0.16
362,780653,936,116244,30-34,1,29,9076,1,1.379999995,1,1,0.011,1.38,1.38,1.38,0.15
340,779645,936,116065,30-34,1,16,27289,3,4.429999828,1,0,0.011,1.48,4.43,4.429999828,0.16
966,1122103,1178,144707,40-44,1,25,270124,69,95.84999895,2,0,0.0255,1.39,47.925,95.84999895,0.35
248,776686,936,115545,40-44,0,16,18709,2,3.319999933,1,0,0.0107,1.66,3.32,3.319999933,0.18
970,1122112,1178,144709,40-44,1,27,1083259,276,390.2599992,11,0,0.0255,1.41,35.4782,390.2599992,0.36
338,779631,936,116063,35-39,1,16,9730,1,1.379999995,1,0,0.0103,1.38,1.38,1.379999995,0.14
1004,1122209,1178,144725,45-49,1,18,890295,227,332.9899989,1,0,0.0255,1.47,332.99,332.9899989,0.37
241,776644,936,115538,30-34,0,15,20083,2,3.200000048,2,1,0.01,1.60,1.6,3.2,0.16
398,781811,936,116447,35-39,1,16,10186,1,1.230000019,1,1,0.0098,1.23,1.23,1.23,0.12
1048,1122316,1178,144743,45-49,1,65,346688,88,114.8599998,2,0,0.0254,1.31,57.43,114.8599998,0.33
1044,1122310,1178,144742,45-49,1,64,536457,136,193.6599991,2,1,0.0254,1.42,96.83,193.66,0.36
44,710836,916,104265,30-34,1,29,22221,7,9.430000067,1,1,0.0315,1.35,9.43,9.43,0.42
232,776552,936,115523,30-34,1,16,21596,2,2.809999943,1,0,0.0093,1.41,2.81,2.809999943,0.13
1042,1122304,1178,144741,45-49,1,63,1111156,282,402.3000026,5,0,0.0254,1.43,80.46,402.3000026,0.36
220,776473,936,115510,30-34,0,16,23086,2,3.310000062,1,1,0.0087,1.66,3.31,3.31,0.14
231,776551,936,115523,30-34,1,16,14459,1,1.389999986,1,0,0.0069,1.39,1.39,1.389999986,0.1
243,776661,936,115541,30-34,0,16,15466,1,0.970000029,1,0,0.0065,0.97,0.97,0.970000029,0.06
1047,1122313,1178,144742,45-49,1,64,358261,91,130.3600011,1,0,0.0254,1.43,130.36,130.3600011,0.36
973,1122120,1178,144710,40-44,1,28,181053,46,66.27999985,3,1,0.0254,1.44,22.0933,66.28,0.37
439,950183,936,123457,30-34,0,16,15720,1,1.379999995,1,0,0.0064,1.38,1.38,1.379999995,0.09
245,776663,936,115541,30-34,0,16,15753,1,0.569999993,1,1,0.0063,0.57,0.57,0.57,0.04
994,1122191,1178,144722,45-49,1,10,382776,97,132.7300007,5,1,0.0253,1.37,26.546,132.73,0.35
967,1122105,1178,144708,40-44,1,26,303971,77,106.9299998,11,6,0.0253,1.39,9.7209,17.8217,0.35
965,1122102,1178,144707,40-44,1,25,138154,35,48.93999863,1,0,0.0253,1.40,48.94,48.93999863,0.35
221,776475,936,115510,30-34,0,16,16425,1,1.549999952,1,0,0.0061,1.55,1.55,1.549999952,0.09
55,734209,936,108654,30-34,0,10,1772,0,0,1,1,0,0.00,0,0,0
58,734243,936,108660,30-34,0,21,739,0,0,1,1,0,0.00,0,0,0
59,734266,936,108664,30-34,0,25,605,0,0,1,0,0,0.00,0,0,0
60,734272,936,108665,30-34,0,26,1030,0,0,1,0,0,0.00,0,0,0
969,1122109,1178,144708,40-44,1,26,328365,83,117.3400005,2,1,0.0253,1.41,58.67,117.34,0.36
1026,1122262,1178,144734,45-49,1,27,1055017,265,380.6599952,16,2,0.0251,1.44,23.7912,190.33,0.36
62,734313,936,108672,30-34,0,36,790,0,0,1,1,0,0.00,0,0,0
63,734314,936,108672,30-34,0,36,962,0,0,1,0,0,0.00,0,0,0
67,734399,936,108686,35-39,0,23,239,0,0,1,0,0,0.00,0,0,0
1022,1122254,1178,144732,45-49,1,25,282899,71,105.6600007,1,0,0.0251,1.49,105.66,105.6600007,0.37
963,1122092,1178,144705,40-44,1,23,107501,27,40.87999928,2,2,0.0251,1.51,20.44,20.44,0.38
68,734418,936,108689,35-39,0,26,591,0,0,1,0,0,0.00,0,0,0
1039,1122288,1178,144738,45-49,1,31,51754,13,20.51999998,1,0,0.0251,1.58,20.52,20.51999998,0.4
73,734605,936,108720,40-44,0,36,834,0,0,1,0,0,0.00,0,0,0
74,734660,936,108729,45-49,0,18,1299,0,0,2,0,0,0.00,0,0,0
990,1122177,1178,144720,40-44,1,7,47929,12,14.58999991,1,1,0.025,1.22,14.59,14.59,0.3
1035,1122276,1178,144736,45-49,1,29,264386,66,91.00000054,4,1,0.025,1.38,22.75,91,0.34
75,734666,936,108730,45-49,0,19,371,0,0,1,0,0,0.00,0,0,0
995,1122192,1178,144722,45-49,1,10,548250,137,201.6000042,5,1,0.025,1.47,40.32,201.6,0.37
1028,1122266,1178,144734,45-49,1,27,1088027,272,409.5600026,9,4,0.025,1.51,45.5067,102.39,0.38
1016,1122233,1178,144729,45-49,1,22,436943,109,145.8199974,1,1,0.0249,1.34,145.82,145.82,0.33
77,734737,936,108742,45-49,0,31,839,0,0,1,0,0,0.00,0,0,0
79,734794,936,108752,30-34,1,16,4010,0,0,1,0,0,0.00,0,0,0
81,734800,936,108753,30-34,1,18,1635,0,0,1,0,0,0.00,0,0,0
82,734803,936,108753,30-34,1,18,1631,0,0,1,0,0,0.00,0,0,0
1015,1122232,1178,144729,45-49,1,22,221561,55,76.75999916,1,0,0.0248,1.40,76.76,76.75999916,0.35
998,1122200,1178,144723,45-49,1,15,559554,139,195.0799994,2,0,0.0248,1.40,97.54,195.0799994,0.35
88,734901,936,108770,30-34,1,64,1554,0,0,1,0,0,0.00,0,0,0
944,1122012,1178,144692,35-39,1,64,222739,55,68.55999959,5,2,0.0247,1.25,13.712,34.28,0.31
993,1122189,1178,144722,45-49,1,10,725043,179,238.4000007,5,3,0.0247,1.33,47.68,79.4667,0.33
1009,1122216,1178,144726,45-49,1,19,76785,19,25.45999998,3,0,0.0247,1.34,8.4867,25.45999998,0.33
95,735032,936,108791,35-39,1,32,498,0,0,1,1,0,0.00,0,0,0
982,1122146,1178,144714,40-44,1,32,319501,79,111.6500003,0,0,0.0247,1.41,111.6500003,111.6500003,0.35
1041,1122303,1178,144741,45-49,1,63,391998,97,142.0500025,3,1,0.0247,1.46,47.35,142.05,0.36
950,1122043,1178,144697,40-44,1,10,947657,233,321.8700004,8,4,0.0246,1.38,40.2338,80.4675,0.34
96,735033,936,108792,35-39,1,36,652,0,0,0,0,0,0.00,0,0,0
997,1122197,1178,144723,45-49,1,15,662249,163,234.9399992,2,0,0.0246,1.44,117.47,234.9399992,0.35
923,1121944,1178,144681,35-39,1,24,109723,27,40.9600004,1,0,0.0246,1.52,40.96,40.9600004,0.37
97,735043,936,108793,35-39,1,63,1357,0,0,1,1,0,0.00,0,0,0
1005,1122210,1178,144725,45-49,1,18,791817,194,282.490001,4,2,0.0245,1.46,70.6225,141.245,0.36
1013,1122225,1178,144728,45-49,1,21,40998,10,13.35000038,1,0,0.0244,1.34,13.35,13.35000038,0.33
28,709614,916,104061,40-44,0,16,19113,4,5.5200001,1,0,0.0209,1.38,5.52,5.5200001,0.29
98,735048,936,108794,35-39,1,64,1393,0,0,1,0,0,0.00,0,0,0
99,735065,936,108797,40-44,1,7,648,0,0,1,0,0,0.00,0,0,0
100,735109,936,108804,40-44,1,21,708,0,0,1,1,0,0.00,0,0,0
103,735151,936,108811,40-44,1,28,926,0,0,1,0,0,0.00,0,0,0
108,735242,936,108826,45-49,1,19,530,0,0,1,0,0,0.00,0,0,0
114,736890,936,109451,30-34,0,15,2522,0,0,1,0,0,0.00,0,0,0
115,736893,936,109452,30-34,0,16,3587,0,0,1,0,0,0.00,0,0,0
952,1122047,1178,144698,40-44,1,15,582725,142,194.8099988,9,2,0.0244,1.37,21.6456,97.405,0.33
1003,1122205,1178,144724,45-49,1,16,1015460,247,315.9000051,9,2,0.0243,1.28,35.1,157.95,0.31
1033,1122273,1178,144736,45-49,1,29,1097966,266,369.069997,16,8,0.0242,1.39,23.0669,46.1337,0.34
116,736977,936,109470,30-34,0,27,1273,0,0,1,0,0,0.00,0,0,0
945,1122022,1178,144694,35-39,1,2,20780,5,8.189999938,1,0,0.0241,1.64,8.19,8.189999938,0.39
118,736995,936,109473,30-34,0,29,1888,0,0,1,0,0,0.00,0,0,0
916,1121918,1178,144676,35-39,1,19,320657,77,115.8800026,2,0,0.024,1.50,57.94,115.8800026,0.36
1007,1122212,1178,144725,45-49,1,18,685211,164,247.3200026,4,3,0.0239,1.51,61.83,82.44,0.36
119,736997,936,109473,30-34,0,29,1895,0,0,1,0,0,0.00,0,0,0
1006,1122211,1178,144725,45-49,1,18,317601,76,115.6600008,1,0,0.0239,1.52,115.66,115.6600008,0.36
1045,1122311,1178,144742,45-49,1,64,179894,43,66.83999872,2,0,0.0239,1.55,33.42,66.83999872,0.37
729,1121499,1178,144607,40-44,0,25,264222,63,87.7899996,1,1,0.0238,1.39,87.79,87.79,0.33
120,737097,936,109498,35-39,0,7,715,0,0,1,0,0,0.00,0,0,0
123,737375,936,109565,40-44,0,10,1415,0,0,1,0,0,0.00,0,0,0
128,737674,936,109637,45-49,0,20,533,0,0,1,1,0,0.00,0,0,0
129,737766,936,109659,45-49,0,29,1447,0,0,1,1,0,0.00,0,0,0
986,1122160,1178,144717,40-44,1,64,173165,41,59.85000026,1,0,0.0237,1.46,59.85,59.85000026,0.35
958,1122075,1178,144703,40-44,1,21,46391,11,16.40999985,3,1,0.0237,1.49,5.47,16.41,0.35
947,1122039,1178,144697,40-44,1,10,258954,61,82.27999902,1,0,0.0236,1.35,82.28,82.27999902,0.32
988,1122166,1178,144718,40-44,1,65,118451,28,38.35000062,4,1,0.0236,1.37,9.5875,38.35,0.32
972,1122118,1178,144710,40-44,1,28,101586,24,33.47000039,2,1,0.0236,1.39,16.735,33.47,0.33
46,710880,916,104272,30-34,1,65,13019,5,6.960000038,1,0,0.0384,1.39,6.96,6.960000038,0.53
976,1122127,1178,144711,40-44,1,29,822023,194,288.3300035,6,0,0.0236,1.49,48.055,288.3300035,0.35
1001,1122203,1178,144724,45-49,1,16,699314,164,226.0300014,3,0,0.0235,1.38,75.3433,226.0300014,0.32
1107,1314377,1178,179944,35-39,1,106,485369,114,164.6400015,3,0,0.0235,1.44,54.88,164.6400015,0.34
132,737961,936,109706,30-34,1,23,523,0,0,1,0,0,0.00,0,0,0
915,1121917,1178,144676,35-39,1,19,238735,56,84.65999889,4,1,0.0235,1.51,21.165,84.66,0.35
943,1122011,1178,144692,35-39,1,64,158298,37,46.43000007,4,1,0.0234,1.25,11.6075,46.43,0.29
917,1121925,1178,144678,35-39,1,21,244074,57,84.51000023,4,2,0.0234,1.48,21.1275,42.255,0.35
948,1122040,1178,144697,40-44,1,10,205289,48,71.53000104,3,0,0.0234,1.49,23.8433,71.53000104,0.35
1002,1122204,1178,144724,45-49,1,16,850337,198,287.690003,3,1,0.0233,1.45,95.8967,287.69,0.34
133,737995,936,109714,30-34,1,26,1873,0,0,1,0,0,0.00,0,0,0
987,1122165,1178,144718,40-44,1,65,55823,13,21.10999966,1,1,0.0233,1.62,21.11,21.11,0.38
135,738067,936,109731,30-34,1,32,658,0,0,1,0,0,0.00,0,0,0
975,1122125,1178,144711,40-44,1,29,489573,113,156.1199993,3,2,0.0231,1.38,52.04,78.06,0.32
929,1121956,1178,144683,35-39,1,26,227473,52,71.58000052,1,1,0.0229,1.38,71.58,71.58,0.31
689,1121415,1178,144593,35-39,0,65,113501,26,38.44000077,5,4,0.0229,1.48,7.688,9.61,0.34
790,1121644,1178,144631,45-49,0,24,355165,81,128.6099997,4,3,0.0228,1.59,32.1525,42.87,0.36
48,710968,916,104287,35-39,1,27,5864,2,2.799999952,1,1,0.0341,1.40,2.8,2.8,0.48
798,1121666,1178,144634,45-49,0,27,272500,62,104.4599996,3,0,0.0228,1.68,34.82,104.4599996,0.38
791,1121650,1178,144632,45-49,0,25,101431,23,33.93000031,1,1,0.0227,1.48,33.93,33.93,0.33
981,1122145,1178,144714,40-44,1,32,141037,32,47.78999913,3,0,0.0227,1.49,15.93,47.78999913,0.34
662,1121365,1178,144584,35-39,0,27,110503,25,32.67999995,4,0,0.0226,1.31,8.17,32.67999995,0.3
949,1122041,1178,144697,40-44,1,10,611601,138,191.419996,8,3,0.0226,1.39,23.9275,63.8067,0.31
984,1122154,1178,144716,40-44,1,63,597419,135,188.5100002,2,1,0.0226,1.40,94.255,188.51,0.32
931,1121963,1178,144684,35-39,1,27,720859,162,213.6899986,13,5,0.0225,1.32,16.4377,42.738,0.3
866,1121819,1178,144660,30-34,1,28,1189509,268,375.7199963,7,3,0.0225,1.40,53.6743,125.24,0.32
937,1121994,1178,144689,35-39,1,32,222378,50,72.91000104,1,0,0.0225,1.46,72.91,72.91000104,0.33
904,1121891,1178,144672,35-39,1,10,1025327,229,314.2999983,16,2,0.0223,1.37,19.6437,157.15,0.31
136,738098,936,109738,30-34,1,64,1539,0,0,1,0,0,0.00,0,0,0
1139,1314410,1178,179977,45-49,1,109,1129773,252,358.189997,13,2,0.0223,1.42,27.5531,179.095,0.32
1000,1122202,1178,144724,45-49,1,16,906151,202,295.5499957,1,0,0.0223,1.46,295.55,295.5499957,0.33
143,738463,936,109826,40-44,1,21,542,0,0,1,0,0,0.00,0,0,0
1143,1314415,1178,179982,45-49,1,114,513161,114,165.6099987,5,2,0.0222,1.45,33.122,82.805,0.32
800,1121668,1178,144635,45-49,0,28,775904,172,253.990002,4,2,0.0222,1.48,63.4975,126.995,0.33
144,738528,936,109839,40-44,1,30,402,0,0,1,1,0,0.00,0,0,0
905,1121894,1178,144672,35-39,1,10,561415,124,173.76,3,0,0.0221,1.40,57.92,173.76,0.31
928,1121955,1178,144683,35-39,1,26,182098,40,62.86999989,1,1,0.022,1.57,62.87,62.87,0.35
959,1122078,1178,144703,40-44,1,21,190477,42,66.38999987,1,0,0.022,1.58,66.39,66.38999987,0.35
145,738560,936,109844,40-44,1,64,1338,0,0,1,0,0,0.00,0,0,0
150,738606,936,109852,45-49,1,19,529,0,0,1,0,0,0.00,0,0,0
903,1121890,1178,144672,35-39,1,10,127865,28,38.02999961,3,1,0.0219,1.36,12.6767,38.03,0.3
1031,1122270,1178,144735,45-49,1,28,73222,16,22.86000025,1,0,0.0219,1.43,22.86,22.86000025,0.31
930,1121962,1178,144684,35-39,1,27,1050947,230,350.5099957,6,1,0.0219,1.52,58.4183,350.51,0.33
1125,1314395,1178,179962,40-44,1,109,280240,61,87.99000168,2,2,0.0218,1.44,43.995,43.995,0.31
1117,1314387,1178,179954,40-44,1,101,696612,152,223.1899948,31,9,0.0218,1.47,7.1997,24.7989,0.32
942,1122007,1178,144691,35-39,1,63,196967,43,65.17999971,2,1,0.0218,1.52,32.59,65.18,0.33
726,1121489,1178,144605,40-44,0,23,110018,24,39.85999966,1,0,0.0218,1.66,39.86,39.85999966,0.36
777,1121617,1178,144626,45-49,0,19,68859,15,25.45999968,1,0,0.0218,1.70,25.46,25.45999968,0.37
1120,1314390,1178,179957,40-44,1,104,267316,58,82.92999887,3,0,0.0217,1.43,27.6433,82.92999887,0.31
154,747213,936,110836,30-34,0,10,1746,0,0,1,0,0,0.00,0,0,0
939,1122004,1178,144691,35-39,1,63,579150,125,167.0499997,5,1,0.0216,1.34,33.41,167.05,0.29
927,1121954,1178,144682,35-39,1,25,120335,26,36.2299993,2,0,0.0216,1.39,18.115,36.2299993,0.3
801,1121669,1178,144635,45-49,0,28,120251,26,39.44000006,1,0,0.0216,1.52,39.44,39.44000006,0.33
938,1122003,1178,144691,35-39,1,63,975792,210,293.8800011,10,4,0.0215,1.40,29.388,73.47,0.3
1130,1314401,1178,179968,45-49,1,100,904907,195,279.219995,11,1,0.0215,1.43,25.3836,279.22,0.31
155,747220,936,110837,30-34,0,15,2474,0,0,2,2,0,0.00,0,0,0
158,747248,936,110842,30-34,0,21,472,0,0,1,1,0,0.00,0,0,0
159,747332,936,110856,30-34,0,64,792,0,0,1,1,0,0.00,0,0,0
162,747370,936,110862,35-39,0,16,2936,0,0,1,0,0,0.00,0,0,0
164,747435,936,110873,35-39,0,28,1032,0,0,1,0,0,0.00,0,0,0
1136,1314407,1178,179974,45-49,1,106,107100,23,33.71000051,1,0,0.0215,1.47,33.71,33.71000051,0.31
776,1121616,1178,144626,45-49,0,19,334945,72,120.2999994,2,1,0.0215,1.67,60.15,120.3,0.36
1008,1122213,1178,144726,45-49,1,19,32781,7,11.20000017,2,2,0.0214,1.60,5.6,5.6,0.34
955,1122055,1178,144699,40-44,1,16,797234,170,243.7699978,4,1,0.0213,1.43,60.9425,243.77,0.31
165,747439,936,110874,35-39,0,29,1662,0,0,1,1,0,0.00,0,0,0
690,1121418,1178,144593,35-39,0,65,192810,41,61.92999995,4,3,0.0213,1.51,15.4825,20.6433,0.32
985,1122157,1178,144716,40-44,1,63,98768,21,33.14000034,1,1,0.0213,1.58,33.14,33.14,0.34
925,1121949,1178,144682,35-39,1,25,221576,47,66.79000068,6,1,0.0212,1.42,11.1317,66.79,0.3
751,1121568,1178,144618,40-44,0,65,188440,40,60.72999966,2,1,0.0212,1.52,30.365,60.73,0.32
170,747675,936,110913,45-49,0,20,673,0,0,1,0,0,0.00,0,0,0
999,1122201,1178,144724,45-49,1,16,320757,68,104.6899989,2,0,0.0212,1.54,52.345,104.6899989,0.33
785,1121629,1178,144628,45-49,0,21,381577,81,127.5699993,2,0,0.0212,1.57,63.785,127.5699993,0.33
743,1121544,1178,144614,40-44,0,32,400844,85,140.9700022,4,2,0.0212,1.66,35.2425,70.485,0.35
789,1121642,1178,144630,45-49,0,23,99698,21,33.3499999,1,0,0.0211,1.59,33.35,33.3499999,0.33
813,1121691,1178,144639,45-49,0,32,932890,197,352.4499989,3,1,0.0211,1.79,117.4833,352.45,0.38
951,1122044,1178,144697,40-44,1,10,233043,49,65.03000033,2,0,0.021,1.33,32.515,65.03000033,0.28
822,1121716,1178,144643,45-49,0,65,76014,16,22.67000031,1,1,0.021,1.42,22.67,22.67,0.3
1,708746,916,103916,30-34,0,15,7350,1,1.429999948,2,1,0.0136,1.43,0.715,1.43,0.19
171,747678,936,110914,45-49,0,21,370,0,0,1,1,0,0.00,0,0,0
1135,1314406,1178,179973,45-49,1,105,1118200,235,333.7499943,11,4,0.021,1.42,30.3409,83.4375,0.3
1122,1314392,1178,179959,40-44,1,106,758340,159,233.110002,13,4,0.021,1.47,17.9315,58.2775,0.31
853,1121793,1178,144656,30-34,1,24,185665,39,62.14000058,1,0,0.021,1.59,62.14,62.14000058,0.33
864,1121817,1178,144660,30-34,1,28,606786,127,179.050001,11,3,0.0209,1.41,16.2773,59.6833,0.3
51,711764,916,104419,45-49,1,10,11199,4,5.730000019,1,1,0.0357,1.43,5.73,5.73,0.51
936,1121983,1178,144687,35-39,1,30,105399,22,33.19999933,2,0,0.0209,1.51,16.6,33.19999933,0.31
172,747712,936,110919,45-49,0,26,450,0,0,1,1,0,0.00,0,0,0
173,747790,936,110932,30-34,1,10,2077,0,0,1,1,0,0.00,0,0,0
799,1121667,1178,144635,45-49,0,28,273197,57,87.7300005,3,0,0.0209,1.54,29.2433,87.7300005,0.32
177,747824,936,110938,30-34,1,21,608,0,0,1,1,0,0.00,0,0,0
752,1121571,1178,144619,40-44,0,2,212496,44,74.83000135,2,1,0.0207,1.70,37.415,74.83,0.35
1127,1314397,1178,179964,40-44,1,111,402975,83,120.8999977,1,0,0.0206,1.46,120.9,120.8999977,0.3
814,1121692,1178,144639,45-49,0,32,718359,147,264.5899997,4,1,0.0205,1.80,66.1475,264.59,0.37
914,1121907,1178,144675,35-39,1,18,98057,20,31.00999963,1,1,0.0204,1.55,31.01,31.01,0.32
181,747863,936,110944,30-34,1,27,1955,0,0,1,1,0,0.00,0,0,0
918,1121928,1178,144678,35-39,1,21,39146,8,13.05999959,1,0,0.0204,1.63,13.06,13.05999959,0.33
182,747879,936,110947,30-34,1,30,493,0,0,1,0,0,0.00,0,0,0
183,747903,936,110951,30-34,1,63,1491,0,0,1,1,0,0.00,0,0,0
184,747911,936,110952,30-34,1,64,1495,0,0,1,1,0,0.00,0,0,0
740,1121532,1178,144612,40-44,0,30,123126,25,39.72999978,2,1,0.0203,1.59,19.865,39.73,0.32
794,1121661,1178,144634,45-49,0,27,517801,105,181.7200011,3,0,0.0203,1.73,60.5733,181.7200011,0.35
185,747968,936,110962,35-39,1,21,512,0,0,0,0,0,0.00,0,0,0
857,1121803,1178,144657,30-34,1,25,588617,119,169.9199973,2,0,0.0202,1.43,84.96,169.9199973,0.29
819,1121706,1178,144641,45-49,0,63,138959,28,39.5200007,1,0,0.0201,1.41,39.52,39.5200007,0.28
1119,1314389,1178,179956,40-44,1,103,1114711,224,319.0000019,6,0,0.0201,1.42,53.1667,319.0000019,0.29
723,1121483,1178,144604,40-44,0,22,253169,51,75.78999984,1,0,0.0201,1.49,75.79,75.78999984,0.3
739,1121530,1178,144612,40-44,0,30,188873,38,58.5999999,1,1,0.0201,1.54,58.6,58.6,0.31
842,1121768,1178,144651,30-34,1,19,565565,113,169.6699982,7,4,0.02,1.50,24.2386,42.4175,0.3
821,1121711,1178,144642,45-49,0,64,49916,10,16.38,1,1,0.02,1.64,16.38,16.38,0.33
190,748045,936,110975,35-39,1,63,1238,0,0,1,0,0,0.00,0,0,0
592,1121241,1178,144562,30-34,0,36,24952,5,8.220000267,3,2,0.02,1.64,2.74,4.11,0.33
1116,1314386,1178,179953,40-44,1,100,834243,166,246.7499975,18,7,0.0199,1.49,13.7083,35.25,0.3
775,1121615,1178,144626,45-49,0,19,327227,65,116.5599996,5,0,0.0199,1.79,23.312,116.5599996,0.36
755,1121577,1178,144620,40-44,0,7,242234,48,68.06000054,2,0,0.0198,1.42,34.03,68.06000054,0.28
818,1121705,1178,144641,45-49,0,63,126480,25,37.25999999,1,1,0.0198,1.49,37.26,37.26,0.29
204,748341,936,111024,45-49,1,64,1363,0,0,1,1,0,0.00,0,0,0
205,776318,936,115484,45-49,1,15,3569,0,0,1,1,0,0.00,0,0,0
824,1121733,1178,144646,45-49,0,66,55536,11,17.04999995,1,0,0.0198,1.55,17.05,17.04999995,0.31
956,1122056,1178,144699,40-44,1,16,925555,182,262.8899981,4,2,0.0197,1.44,65.7225,131.445,0.28
214,776383,936,115495,45-49,1,23,1168,0,0,1,1,0,0.00,0,0,0
1134,1314405,1178,179972,45-49,1,104,558666,110,162.6399975,14,5,0.0197,1.48,11.6171,32.528,0.29
902,1121889,1178,144672,35-39,1,10,127546,25,38.94000041,2,0,0.0196,1.56,19.47,38.94000041,0.31
823,1121723,1178,144644,45-49,0,2,50947,10,15.99000025,1,0,0.0196,1.60,15.99,15.99000025,0.31
932,1121971,1178,144685,35-39,1,28,41111,8,10.96000016,1,0,0.0195,1.37,10.96,10.96000016,0.27
792,1121652,1178,144632,45-49,0,25,123151,24,36.4400003,2,1,0.0195,1.52,18.22,36.44,0.3
217,776430,936,115503,30-34,0,10,3200,0,0,1,0,0,0.00,0,0,0
223,776477,936,115510,30-34,0,16,9982,0,0,1,0,0,0.00,0,0,0
712,1121464,1178,144601,40-44,0,19,363456,71,117.5599997,7,1,0.0195,1.66,16.7943,117.56,0.32
900,1121881,1178,144670,30-34,1,7,221843,43,63.45000076,5,0,0.0194,1.48,12.69,63.45000076,0.29
892,1121867,1178,144668,30-34,1,65,82640,16,23.97000039,1,1,0.0194,1.50,23.97,23.97,0.29
845,1121774,1178,144652,30-34,1,20,670608,130,195.1499978,11,3,0.0194,1.50,17.7409,65.05,0.29
731,1121511,1178,144609,40-44,0,27,252991,49,76.83999932,3,0,0.0194,1.57,25.6133,76.83999932,0.3
716,1121471,1178,144602,40-44,0,20,304680,59,98.55000019,3,0,0.0194,1.67,32.85,98.55000019,0.32
796,1121664,1178,144634,45-49,0,27,179950,35,58.67999971,1,0,0.0194,1.68,58.68,58.67999971,0.33
774,1121613,1178,144626,45-49,0,19,309823,60,103.3899996,4,4,0.0194,1.72,25.8475,25.8475,0.33
225,776494,936,115513,30-34,0,15,7015,0,0,1,0,0,0.00,0,0,0
920,1121933,1178,144679,35-39,1,22,325653,63,89.35000026,2,0,0.0193,1.42,44.675,89.35000026,0.27
896,1121874,1178,144669,30-34,1,2,145548,28,42.37000036,2,1,0.0192,1.51,21.185,42.37,0.29
953,1122052,1178,144699,40-44,1,16,265038,51,78.45999932,2,1,0.0192,1.54,39.23,78.46,0.3
779,1121620,1178,144627,45-49,0,20,415798,80,131.7800006,3,1,0.0192,1.65,43.9267,131.78,0.32
934,1121976,1178,144686,35-39,1,29,707260,135,210.8200028,13,6,0.0191,1.56,16.2169,35.1367,0.3
234,776563,936,115525,30-34,1,7,1369,0,0,1,1,0,0.00,0,0,0
919,1121931,1178,144679,35-39,1,22,78468,15,23.64999962,1,0,0.0191,1.58,23.65,23.64999962,0.3
861,1121814,1178,144659,30-34,1,27,2223278,421,612.3000032,38,13,0.0189,1.45,16.1132,47.1,0.28
693,1121423,1178,144594,35-39,0,2,63564,12,20.59000027,2,0,0.0189,1.72,10.295,20.59000027,0.32
815,1121693,1178,144639,45-49,0,32,433658,82,158.5999998,5,2,0.0189,1.93,31.72,79.3,0.37
1140,1314411,1178,179978,45-49,1,110,637549,120,173.8800035,3,0,0.0188,1.45,57.96,173.8800035,0.27
906,1121895,1178,144673,35-39,1,15,132803,25,37.32000124,2,1,0.0188,1.49,18.66,37.32,0.28
236,776603,936,115531,30-34,1,2,506,0,0,1,0,0,0.00,0,0,0
761,1121593,1178,144622,45-49,0,10,1177535,221,365.6600009,15,3,0.0188,1.65,24.3773,121.8867,0.31
715,1121469,1178,144602,40-44,0,20,399035,75,124.7999995,7,3,0.0188,1.66,17.8286,41.6,0.31
851,1121783,1178,144654,30-34,1,22,594968,111,147.6700006,4,0,0.0187,1.33,36.9175,147.6700006,0.25
698,1121433,1178,144596,35-39,0,66,80248,15,24.1900003,1,1,0.0187,1.61,24.19,24.19,0.3
780,1121622,1178,144627,45-49,0,20,107671,20,29.91000021,1,1,0.0186,1.50,29.91,29.91,0.28
692,1121422,1178,144594,35-39,0,2,128843,24,37.5999999,2,0,0.0186,1.57,18.8,37.5999999,0.29
935,1121977,1178,144686,35-39,1,29,139596,26,42.41000032,1,1,0.0186,1.63,42.41,42.41,0.3
1128,1314398,1178,179965,40-44,1,112,1137635,211,301.0499992,30,10,0.0185,1.43,10.035,30.105,0.26
1141,1314412,1178,179979,45-49,1,111,151531,28,40.28999949,2,0,0.0185,1.44,20.145,40.28999949,0.27
242,776659,936,115541,30-34,0,16,8817,0,0,1,1,0,0.00,0,0,0
1110,1314380,1178,179947,35-39,1,109,475184,88,127.3200028,4,1,0.0185,1.45,31.83,127.32,0.27
772,1121609,1178,144625,45-49,0,18,378171,70,109.2500008,1,0,0.0185,1.56,109.25,109.2500008,0.29
808,1121677,1178,144636,45-49,0,29,1391924,258,422.8400038,17,10,0.0185,1.64,24.8729,42.284,0.3
713,1121466,1178,144601,40-44,0,19,438983,81,143.4300001,3,1,0.0185,1.77,47.81,143.43,0.33
15,709059,916,103968,30-34,0,20,14669,7,10.28000021,1,1,0.0477,1.47,10.28,10.28,0.7
841,1121767,1178,144651,30-34,1,19,87043,16,24.48000002,2,0,0.0184,1.53,12.24,24.48000002,0.28
34,710088,916,104140,45-49,0,24,2283,1,1.470000029,1,0,0.0438,1.47,1.47,1.470000029,0.64
247,776685,936,115545,40-44,0,16,7745,0,0,1,0,0,0.00,0,0,0
691,1121421,1178,144594,35-39,0,2,233404,43,70.4100008,2,1,0.0184,1.64,35.205,70.41,0.3
1137,1314408,1178,179975,45-49,1,107,877769,160,232.5900005,13,4,0.0182,1.45,17.8915,58.1475,0.26
897,1121876,1178,144669,30-34,1,2,82455,15,22.04999971,1,0,0.0182,1.47,22.05,22.04999971,0.27
1131,1314402,1178,179969,45-49,1,101,589270,107,158.0500023,10,4,0.0182,1.48,15.805,39.5125,0.27
860,1121812,1178,144659,30-34,1,27,935646,170,256.4699982,19,6,0.0182,1.51,13.4984,42.745,0.27
721,1121481,1178,144604,40-44,0,22,153586,28,43.01000035,2,0,0.0182,1.54,21.505,43.01000035,0.28
803,1121672,1178,144635,45-49,0,28,60314,11,16.93999958,2,1,0.0182,1.54,8.47,16.94,0.28
718,1121473,1178,144602,40-44,0,20,439986,80,134.8799999,4,3,0.0182,1.69,33.72,44.96,0.31
249,776687,936,115545,40-44,0,16,8022,0,0,2,1,0,0.00,0,0,0
921,1121935,1178,144679,35-39,1,22,66277,12,17.30000019,1,0,0.0181,1.44,17.3,17.30000019,0.26
872,1121829,1178,144662,30-34,1,30,187468,34,50.72000062,2,1,0.0181,1.49,25.36,50.72,0.27
741,1121535,1178,144613,40-44,0,31,77794,14,19.11000001,1,1,0.018,1.37,19.11,19.11,0.25
251,776697,936,115547,30-34,0,10,4132,0,0,1,1,0,0.00,0,0,0
940,1122005,1178,144691,35-39,1,63,449588,81,123.800001,5,2,0.018,1.53,24.76,61.9,0.28
1126,1314396,1178,179963,40-44,1,110,419922,75,105.4500008,3,1,0.0179,1.41,35.15,105.45,0.25
254,776722,936,115551,30-34,0,2,545,0,0,1,1,0,0.00,0,0,0
754,1121575,1178,144619,40-44,0,2,128595,23,36.4800005,1,1,0.0179,1.59,36.48,36.48,0.28
773,1121612,1178,144625,45-49,0,18,468749,84,134.1199975,6,1,0.0179,1.60,22.3533,134.12,0.29
650,1121341,1178,144580,35-39,0,23,223120,40,67.66999984,1,0,0.0179,1.69,67.67,67.66999984,0.3
257,776793,936,115563,45-49,0,21,1609,0,0,1,0,0,0.00,0,0,0
267,776935,936,115587,45-49,0,36,1136,0,0,1,1,0,0.00,0,0,0
269,777130,936,115619,35-39,0,16,6260,0,0,1,0,0,0.00,0,0,0
270,777131,936,115619,35-39,0,16,6359,0,0,1,0,0,0.00,0,0,0
912,1121905,1178,144674,35-39,1,16,905699,161,234.6599982,4,1,0.0178,1.46,58.665,234.66,0.26
910,1121903,1178,144674,35-39,1,16,1247717,222,343.4199994,11,4,0.0178,1.55,31.22,85.855,0.28
797,1121665,1178,144634,45-49,0,27,258531,46,80.33999979,2,0,0.0178,1.75,40.17,80.33999979,0.31
856,1121798,1178,144656,30-34,1,24,107548,19,29.31000018,1,0,0.0177,1.54,29.31,29.31000018,0.27
786,1121635,1178,144629,45-49,0,22,45491,8,11.00999999,1,0,0.0176,1.38,11.01,11.00999999,0.24
1102,1314367,1178,179934,30-34,1,111,665817,117,163.8000002,23,9,0.0176,1.40,7.1217,18.2,0.25
764,1121598,1178,144623,45-49,0,15,506916,89,133.6999986,2,2,0.0176,1.50,66.85,66.85,0.26
941,1122006,1178,144691,35-39,1,63,318157,56,85.70000196,3,0,0.0176,1.53,28.5667,85.70000196,0.27
271,777166,936,115625,30-34,0,63,2383,0,0,1,1,0,0.00,0,0,0
274,777200,936,115631,30-34,0,64,1898,0,0,1,1,0,0.00,0,0,0
954,1122054,1178,144699,40-44,1,16,222273,39,53.62999868,6,1,0.0175,1.38,8.9383,53.63,0.24
748,1121557,1178,144616,40-44,0,63,280764,49,81.36000025,2,1,0.0175,1.66,40.68,81.36,0.29
820,1121708,1178,144641,45-49,0,63,68829,12,19.47999978,1,0,0.0174,1.62,19.48,19.47999978,0.28
750,1121562,1178,144617,40-44,0,64,109289,19,31.02999997,1,0,0.0174,1.63,31.03,31.02999997,0.28
868,1121824,1178,144661,30-34,1,29,1705246,295,429.4799981,23,10,0.0173,1.46,18.673,42.948,0.25
275,777201,936,115631,30-34,0,64,1882,0,0,1,1,0,0.00,0,0,0
749,1121561,1178,144617,40-44,0,64,63660,11,16.47000003,1,1,0.0173,1.50,16.47,16.47,0.26
27,709544,916,104049,35-39,0,29,7440,2,2.980000019,1,1,0.0269,1.49,2.98,2.98,0.4
282,777482,936,115691,45-49,0,28,2479,0,0,1,0,0,0.00,0,0,0
287,777638,936,115717,40-44,0,7,1781,0,0,1,1,0,0.00,0,0,0
744,1121545,1178,144614,40-44,0,32,208572,36,60.76000023,2,1,0.0173,1.69,30.38,60.76,0.29
1095,1314360,1178,179927,30-34,1,104,442919,76,110.7800021,21,2,0.0172,1.46,5.2752,55.39,0.25
922,1121936,1178,144679,35-39,1,22,93002,16,23.33999968,1,0,0.0172,1.46,23.34,23.33999968,0.25
802,1121671,1178,144635,45-49,0,28,139406,24,39.04999948,1,0,0.0172,1.63,39.05,39.04999948,0.28
795,1121662,1178,144634,45-49,0,27,145104,25,41.42000008,2,1,0.0172,1.66,20.71,41.42,0.29
651,1121342,1178,144580,35-39,0,23,104869,18,34.07000089,1,0,0.0172,1.89,34.07,34.07000089,0.32
722,1121482,1178,144604,40-44,0,22,180815,31,42.62999976,1,0,0.0171,1.38,42.63,42.62999976,0.24
1105,1314372,1178,179939,35-39,1,101,975884,167,237.3199975,14,3,0.0171,1.42,16.9514,79.1067,0.24
1142,1314414,1178,179981,45-49,1,113,790253,135,198.7100005,8,2,0.0171,1.47,24.8388,99.355,0.25
649,1121340,1178,144580,35-39,0,23,140147,24,42.08000016,2,0,0.0171,1.75,21.04,42.08000016,0.3
289,777673,936,115723,40-44,0,16,7101,0,0,1,0,0,0.00,0,0,0
1123,1314393,1178,179960,40-44,1,107,877535,149,217.7799966,5,2,0.017,1.46,43.556,108.89,0.25
781,1121623,1178,144627,45-49,0,20,164356,28,46.7900002,2,1,0.017,1.67,23.395,46.79,0.28
843,1121769,1178,144652,30-34,1,20,253758,43,62.14000034,4,1,0.0169,1.45,15.535,62.14,0.24
608,1121269,1178,144568,30-34,0,65,296413,50,76.43999958,3,1,0.0169,1.53,25.48,76.44,0.26
908,1121901,1178,144674,35-39,1,16,1020561,172,263.8100007,7,3,0.0169,1.53,37.6871,87.9367,0.26
762,1121594,1178,144622,45-49,0,10,426500,72,128.2799988,4,1,0.0169,1.78,32.07,128.28,0.3
933,1121973,1178,144686,35-39,1,29,148616,25,37.39999962,6,4,0.0168,1.50,6.2333,9.35,0.25
855,1121796,1178,144656,30-34,1,24,136967,23,35.05999982,3,1,0.0168,1.52,11.6867,35.06,0.26
771,1121607,1178,144625,45-49,0,18,154572,26,40.93000007,1,1,0.0168,1.57,40.93,40.93,0.26
9,708953,916,103951,30-34,0,27,2355,1,1.5,1,0,0.0425,1.50,1.5,1.5,0.64
293,777816,936,115747,40-44,0,2,500,0,0,1,1,0,0.00,0,0,0
765,1121599,1178,144623,45-49,0,15,250960,42,64.87999952,2,0,0.0167,1.54,32.44,64.87999952,0.26
909,1121902,1178,144674,35-39,1,16,682143,114,177.1099993,6,2,0.0167,1.55,29.5183,88.555,0.26
849,1121780,1178,144653,30-34,1,21,119772,20,33.46999907,5,2,0.0167,1.67,6.694,16.735,0.28
793,1121660,1178,144633,45-49,0,26,24078,4,5.769999981,1,0,0.0166,1.44,5.77,5.769999981,0.24
1121,1314391,1178,179958,40-44,1,105,228629,38,57,2,0,0.0166,1.50,28.5,57,0.25
758,1121589,1178,144622,45-49,0,10,464036,77,123.5500004,3,1,0.0166,1.60,41.1833,123.55,0.27
848,1121779,1178,144653,30-34,1,21,271589,45,74.41000032,9,3,0.0166,1.65,8.2678,24.8033,0.27
639,1121321,1178,144577,35-39,0,20,127476,21,30.15000057,3,2,0.0165,1.44,10.05,15.075,0.24
704,1121444,1178,144597,40-44,0,10,211767,35,60.89999914,5,1,0.0165,1.74,12.18,60.9,0.29
677,1121391,1178,144589,35-39,0,32,382537,63,113.9900012,4,3,0.0165,1.81,28.4975,37.9967,0.3
295,777904,936,115762,30-34,0,31,3279,0,0,1,0,0,0.00,0,0,0
296,777905,936,115762,30-34,0,31,3288,0,0,1,0,0,0.00,0,0,0
1124,1314394,1178,179961,40-44,1,108,1357386,223,323.0600071,10,1,0.0164,1.45,32.306,323.06,0.24
913,1121906,1178,144674,35-39,1,16,1184580,194,297.8299981,14,3,0.0164,1.54,21.2736,99.2767,0.25
885,1121856,1178,144666,30-34,1,63,1296189,212,343.2599944,14,4,0.0164,1.62,24.5186,85.815,0.26
302,778113,936,115796,35-39,0,29,4595,0,0,1,0,0,0.00,0,0,0
807,1121676,1178,144636,45-49,0,29,1026304,168,277.5799986,17,8,0.0164,1.65,16.3282,34.6975,0.27
717,1121472,1178,144602,40-44,0,20,140596,23,40.77000022,1,0,0.0164,1.77,40.77,40.77000022,0.29
746,1121551,1178,144615,40-44,0,36,196253,32,55.10000002,1,0,0.0163,1.72,55.1,55.10000002,0.28
43,710763,916,104252,30-34,1,15,5369,1,1.50999999,1,0,0.0186,1.51,1.51,1.50999999,0.28
303,778124,936,115798,30-34,0,29,4871,0,0,1,0,0,0.00,0,0,0
304,778148,936,115802,35-39,0,28,3199,0,0,1,0,0,0.00,0,0,0
694,1121425,1178,144594,35-39,0,2,85970,14,24.78000021,1,1,0.0163,1.77,24.78,24.78,0.29
736,1121526,1178,144611,40-44,0,29,526209,85,126.9299996,3,2,0.0162,1.49,42.31,63.465,0.24
307,778208,936,115812,40-44,1,29,2755,0,0,1,0,0,0.00,0,0,0
737,1121527,1178,144611,40-44,0,29,741143,120,179.620001,4,1,0.0162,1.50,44.905,179.62,0.24
812,1121689,1178,144638,45-49,0,31,148010,24,41.96999943,1,0,0.0162,1.75,41.97,41.96999943,0.28
663,1121367,1178,144585,35-39,0,28,1447755,233,420.5799983,11,8,0.0161,1.81,38.2345,52.5725,0.29
730,1121510,1178,144608,40-44,0,26,31202,5,6.730000019,1,0,0.016,1.35,6.73,6.730000019,0.22
1100,1314365,1178,179932,30-34,1,109,623137,100,138.9200006,12,1,0.016,1.39,11.5767,138.92,0.22
1108,1314378,1178,179945,35-39,1,107,866355,139,200.8299961,11,5,0.016,1.44,18.2573,40.166,0.23
313,778471,936,115856,30-34,0,32,1273,0,0,1,1,0,0.00,0,0,0
844,1121773,1178,144652,30-34,1,20,319131,51,76.68000025,6,1,0.016,1.50,12.78,76.68,0.24
1129,1314400,1178,179967,40-44,1,114,250234,40,62.31999922,4,1,0.016,1.56,15.58,62.32,0.25
887,1121859,1178,144667,30-34,1,64,238036,38,61.02999771,6,3,0.016,1.61,10.1717,20.3433,0.26
656,1121352,1178,144582,35-39,0,25,368986,59,100.289999,0,0,0.016,1.70,100.289999,100.289999,0.27
315,778529,936,115866,30-34,0,31,2214,0,0,1,0,0,0.00,0,0,0
811,1121687,1178,144638,45-49,0,31,118882,19,32.30999994,2,1,0.016,1.70,16.155,32.31,0.27
732,1121514,1178,144609,40-44,0,27,56265,9,15.53999972,1,0,0.016,1.73,15.54,15.53999972,0.28
1083,1314345,1178,179912,45-49,0,104,125650,20,30.08000076,4,0,0.0159,1.50,7.52,30.08000076,0.24
705,1121446,1178,144598,40-44,0,15,163181,26,40.02000093,1,1,0.0159,1.54,40.02,40.02,0.25
317,778590,936,115876,30-34,0,30,1371,0,0,1,1,0,0.00,0,0,0
320,778628,936,115882,30-34,0,29,4608,0,0,1,0,0,0.00,0,0,0
742,1121541,1178,144614,40-44,0,32,56630,9,15.81000018,1,1,0.0159,1.76,15.81,15.81,0.28
321,778674,936,115890,35-39,0,29,3732,0,0,1,0,0,0.00,0,0,0
898,1121877,1178,144670,30-34,1,7,44189,7,10.31999981,2,0,0.0158,1.47,5.16,10.31999981,0.23
828,1121746,1178,144648,30-34,1,15,1117371,177,268.050002,26,5,0.0158,1.51,10.3096,53.61,0.24
607,1121265,1178,144568,30-34,0,65,145398,23,36.24000025,1,0,0.0158,1.58,36.24,36.24000025,0.25
327,778808,936,115912,30-34,0,26,1738,0,0,1,0,0,0.00,0,0,0
873,1121832,1178,144662,30-34,1,30,208301,33,54.57000089,1,0,0.0158,1.65,54.57,54.57000089,0.26
688,1121414,1178,144592,35-39,0,64,133316,21,36.17000055,2,0,0.0158,1.72,18.085,36.17000055,0.27
23,709326,916,104013,35-39,0,16,12190,2,3.049999952,1,0,0.0164,1.53,3.05,3.049999952,0.25
329,779057,936,115954,40-44,0,15,4414,0,0,1,0,0,0.00,0,0,0
612,1121276,1178,144569,30-34,0,2,240123,38,65.67000115,5,4,0.0158,1.73,13.134,16.4175,0.27
911,1121904,1178,144674,35-39,1,16,146406,23,33.22999942,1,1,0.0157,1.44,33.23,33.23,0.23
24,709327,916,104013,35-39,0,16,12193,2,3.059999943,1,1,0.0164,1.53,3.06,3.06,0.25
35,710360,916,104185,45-49,0,21,2182,1,1.529999971,1,1,0.0458,1.53,1.53,1.53,0.7
333,779488,936,116039,45-49,0,65,1006,0,0,1,0,0,0.00,0,0,0
335,779608,936,116059,35-39,1,15,2459,0,0,1,0,0,0.00,0,0,0
846,1121775,1178,144653,30-34,1,21,159123,25,38.36000013,5,3,0.0157,1.53,7.672,12.7867,0.24
661,1121364,1178,144584,35-39,0,27,274222,43,66.7700001,2,1,0.0157,1.55,33.385,66.77,0.24
874,1121833,1178,144662,30-34,1,30,101856,16,25.22000039,4,1,0.0157,1.58,6.305,25.22,0.25
344,779778,936,116087,30-34,1,31,2466,0,0,2,2,0,0.00,0,0,0
675,1121381,1178,144587,35-39,0,30,95691,15,25.26000011,1,1,0.0157,1.68,25.26,25.26,0.26
778,1121619,1178,144627,45-49,0,20,127125,20,35.67999983,2,0,0.0157,1.78,17.84,35.67999983,0.28
759,1121590,1178,144622,45-49,0,10,478480,75,135.7500012,3,1,0.0157,1.81,45.25,135.75,0.28
788,1121641,1178,144630,45-49,0,23,114370,18,33.65999997,1,0,0.0157,1.87,33.66,33.65999997,0.29
350,779944,936,116115,35-39,0,10,2549,0,0,1,0,0,0.00,0,0,0
865,1121818,1178,144660,30-34,1,28,83270,13,17.74000001,1,0,0.0156,1.36,17.74,17.74000001,0.21
1062,1314316,1178,179883,35-39,0,105,211882,33,46.64999926,3,1,0.0156,1.41,15.55,46.65,0.22
1087,1314350,1178,179917,45-49,0,109,365539,57,82.13999915,5,2,0.0156,1.44,16.428,41.07,0.22
829,1121749,1178,144648,30-34,1,15,333345,52,77.59000027,5,1,0.0156,1.49,15.518,77.59,0.23
646,1121336,1178,144579,35-39,0,22,275080,43,69.65999997,4,3,0.0156,1.62,17.415,23.22,0.25
640,1121322,1178,144577,35-39,0,20,237603,37,62.25000024,5,2,0.0156,1.68,12.45,31.125,0.26
540,1121119,1178,144535,30-34,0,19,345371,54,93.08999991,7,3,0.0156,1.72,13.2986,31.03,0.27
352,779995,936,116123,30-34,1,20,1961,0,0,1,0,0,0.00,0,0,0
353,780064,936,116135,30-34,1,22,2554,0,0,1,0,0,0.00,0,0,0
355,780199,936,116163,35-39,1,23,1030,0,0,1,1,0,0.00,0,0,0
358,780486,936,116216,30-34,1,65,2879,0,0,1,1,0,0.00,0,0,0
899,1121878,1178,144670,30-34,1,7,45199,7,9.809999943,1,0,0.0155,1.40,9.81,9.809999943,0.22
1138,1314409,1178,179976,45-49,1,108,212508,33,47.69000006,4,1,0.0155,1.45,11.9225,47.69,0.22
647,1121337,1178,144580,35-39,0,23,64647,10,16.26999998,1,0,0.0155,1.63,16.27,16.26999998,0.25
769,1121605,1178,144624,45-49,0,16,1228924,190,318.9700032,6,3,0.0155,1.68,53.1617,106.3233,0.26
725,1121487,1178,144605,40-44,0,23,51550,8,14.03999984,1,0,0.0155,1.76,14.04,14.03999984,0.27
538,1121116,1178,144535,30-34,0,19,572450,89,157.329998,7,4,0.0155,1.77,22.4757,39.3325,0.27
627,1121297,1178,144573,35-39,0,15,187329,29,53.15999961,2,1,0.0155,1.83,26.58,53.16,0.28
641,1121327,1178,144578,35-39,0,21,271091,42,78.03999984,3,1,0.0155,1.86,26.0133,78.04,0.29
1092,1314357,1178,179924,30-34,1,101,524306,81,113.6800029,10,4,0.0154,1.40,11.368,28.42,0.22
361,780629,936,116240,30-34,1,28,2963,0,0,1,0,0,0.00,0,0,0
871,1121828,1178,144661,30-34,1,29,990404,153,226.5399992,12,6,0.0154,1.48,18.8783,37.7567,0.23
747,1121554,1178,144616,40-44,0,63,51858,8,12.63000011,1,1,0.0154,1.58,12.63,12.63,0.24
364,780666,936,116246,45-49,1,10,3462,0,0,1,0,0,0.00,0,0,0
365,780681,936,116248,30-34,1,26,4073,0,0,1,1,0,0.00,0,0,0
366,780700,936,116252,30-34,1,27,3745,0,0,1,0,0,0.00,0,0,0
367,780748,936,116265,30-34,1,24,830,0,0,1,0,0,0.00,0,0,0
766,1121601,1178,144624,45-49,0,16,2286228,353,603.380002,16,7,0.0154,1.71,37.7113,86.1971,0.26
368,780759,936,116267,45-49,1,18,2912,0,0,1,0,0,0.00,0,0,0
384,781207,936,116347,35-39,1,64,2755,0,0,1,0,0,0.00,0,0,0
880,1121845,1178,144664,30-34,1,32,390339,60,105.0199997,9,6,0.0154,1.75,11.6689,17.5033,0.27
760,1121592,1178,144622,45-49,0,10,428812,66,116.8800001,4,2,0.0154,1.77,29.22,58.44,0.27
1133,1314404,1178,179971,45-49,1,103,71982,11,16.34000051,1,0,0.0153,1.49,16.34,16.34000051,0.23
753,1121572,1178,144619,40-44,0,2,32574,5,7.480000019,1,0,0.0153,1.50,7.48,7.480000019,0.23
804,1121673,1178,144636,45-49,0,29,563074,86,142.7099985,4,2,0.0153,1.66,35.6775,71.355,0.25
783,1121627,1178,144628,45-49,0,21,65339,10,16.67999983,2,0,0.0153,1.67,8.34,16.67999983,0.26
390,781438,936,116385,30-34,0,63,2086,0,0,1,0,0,0.00,0,0,0
727,1121493,1178,144606,40-44,0,24,137584,21,36.77999961,1,0,0.0153,1.75,36.78,36.77999961,0.27
806,1121675,1178,144636,45-49,0,29,111963,17,29.3799994,2,1,0.0152,1.73,14.69,29.38,0.26
539,1121117,1178,144535,30-34,0,19,98759,15,26.56999946,1,1,0.0152,1.77,26.57,26.57,0.27
391,781470,936,116391,35-39,0,16,6016,0,0,1,0,0,0.00,0,0,0
394,781556,936,116405,30-34,1,32,1772,0,0,1,0,0,0.00,0,0,0
666,1121370,1178,144585,35-39,0,28,550954,84,150.1400012,3,0,0.0152,1.79,50.0467,150.1400012,0.27
636,1121316,1178,144576,35-39,0,19,447952,68,131.5799983,8,1,0.0152,1.94,16.4475,131.58,0.29
395,781559,936,116405,30-34,1,32,1783,0,0,1,0,0,0.00,0,0,0
1104,1314371,1178,179938,35-39,1,100,72982,11,15.04999995,1,0,0.0151,1.37,15.05,15.04999995,0.21
869,1121826,1178,144661,30-34,1,29,418016,63,95.8500005,3,1,0.0151,1.52,31.95,95.85,0.23
401,781907,936,116463,45-49,1,21,1314,0,0,1,0,0,0.00,0,0,0
402,781928,936,116467,30-34,0,18,2916,0,0,1,1,0,0.00,0,0,0
404,781950,936,116471,30-34,1,20,1984,0,0,1,0,0,0.00,0,0,0
756,1121584,1178,144621,40-44,0,66,33154,5,7.879999995,1,1,0.0151,1.58,7.88,7.88,0.24
585,1121216,1178,144556,30-34,0,30,198658,30,48.60999978,8,1,0.0151,1.62,6.0762,48.61,0.24
628,1121300,1178,144573,35-39,0,15,782894,118,192.9299995,5,2,0.0151,1.64,38.586,96.465,0.25
665,1121369,1178,144585,35-39,0,28,826205,125,232.3700008,5,1,0.0151,1.86,46.474,232.37,0.28
409,782130,936,116501,30-34,1,16,7301,0,0,1,0,0,0.00,0,0,0
412,782171,936,116507,30-34,1,30,535,0,0,1,0,0,0.00,0,0,0
413,782180,936,116509,30-34,0,29,3396,0,0,1,0,0,0.00,0,0,0
414,782219,936,116515,30-34,0,26,977,0,0,1,0,0,0.00,0,0,0
1097,1314362,1178,179929,30-34,1,106,173912,26,35.54000032,2,1,0.015,1.37,17.77,35.54,0.2
862,1121815,1178,144659,30-34,1,27,240497,36,51.84000087,1,0,0.015,1.44,51.84,51.84000087,0.22
1094,1314359,1178,179926,30-34,1,103,452519,68,99.52000237,7,2,0.015,1.46,14.2171,49.76,0.22
877,1121841,1178,144664,30-34,1,32,511726,77,123.0900019,8,4,0.015,1.60,15.3863,30.7725,0.24
660,1121361,1178,144584,35-39,0,27,685781,103,177.8899992,10,1,0.015,1.73,17.789,177.89,0.26
420,782443,936,116553,40-44,1,20,979,0,0,1,0,0,0.00,0,0,0
685,1121411,1178,144592,35-39,0,64,100351,15,24.17999995,2,1,0.0149,1.61,12.09,24.18,0.24
703,1121443,1178,144597,40-44,0,10,463813,69,116.3399996,4,2,0.0149,1.69,29.085,58.17,0.25
809,1121678,1178,144636,45-49,0,29,147551,22,38.50000083,1,0,0.0149,1.75,38.5,38.50000083,0.26
827,1121745,1178,144648,30-34,1,15,182265,27,38.18000007,2,1,0.0148,1.41,19.09,38.18,0.21
1074,1314332,1178,179899,40-44,0,106,67710,10,15.14999998,1,0,0.0148,1.52,15.15,15.14999998,0.22
422,782587,936,116577,30-34,0,10,2499,0,0,1,0,0,0.00,0,0,0
604,1121262,1178,144567,30-34,0,64,447420,66,110.2399991,7,2,0.0148,1.67,15.7486,55.12,0.25
638,1121319,1178,144577,35-39,0,20,256598,38,64.46999931,6,1,0.0148,1.70,10.745,64.47,0.25
424,782658,936,116589,30-34,0,15,4827,0,0,1,0,0,0.00,0,0,0
575,1121196,1178,144552,30-34,0,28,1392288,206,358.5500029,31,7,0.0148,1.74,11.5661,51.2214,0.26
620,1121287,1178,144571,30-34,0,66,344618,51,89.76000047,3,1,0.0148,1.76,29.92,89.76,0.26
545,1121125,1178,144536,30-34,0,20,1034284,152,257.7099986,20,9,0.0147,1.70,12.8855,28.6344,0.25
426,782706,936,116597,35-39,1,30,761,0,0,1,0,0,0.00,0,0,0
433,950079,936,123440,30-34,0,16,3142,0,0,2,2,0,0.00,0,0,0
434,950099,936,123443,30-34,0,18,1120,0,0,1,0,0,0.00,0,0,0
435,950109,936,123445,30-34,0,20,343,0,0,1,1,0,0.00,0,0,0
686,1121412,1178,144592,35-39,0,64,292448,43,76.89999968,2,1,0.0147,1.79,38.45,76.9,0.26
436,950170,936,123455,30-34,0,15,1720,0,0,1,1,0,0.00,0,0,0
437,950179,936,123457,30-34,0,16,3423,0,0,1,1,0,0.00,0,0,0
438,950182,936,123457,30-34,0,16,3242,0,0,1,0,0,0.00,0,0,0
1118,1314388,1178,179955,40-44,1,102,329333,48,67.60999918,1,0,0.0146,1.41,67.61,67.60999918,0.21
1071,1314327,1178,179894,40-44,0,101,68619,10,14.96000034,1,0,0.0146,1.50,14.96,14.96000034,0.22
890,1121862,1178,144667,30-34,1,64,411571,60,99.1799984,6,1,0.0146,1.65,16.53,99.18,0.24
633,1121310,1178,144575,35-39,0,18,341603,50,83.48000121,4,2,0.0146,1.67,20.87,41.74,0.24
889,1121861,1178,144667,30-34,1,64,157705,23,39.23000026,2,0,0.0146,1.71,19.615,39.23000026,0.25
7,708889,916,103940,30-34,0,15,15615,3,4.769999981,1,0,0.0192,1.59,4.77,4.769999981,0.31
440,950200,936,123460,30-34,0,10,1217,0,0,1,1,0,0.00,0,0,0
443,950345,936,123484,30-34,0,64,616,0,0,1,0,0,0.00,0,0,0
445,950463,936,123504,45-49,0,15,818,0,0,1,0,0,0.00,0,0,0
700,1121439,1178,144597,40-44,0,10,621591,91,163.36,5,1,0.0146,1.80,32.672,163.36,0.26
825,1121741,1178,144647,30-34,1,10,318042,46,64.40999997,8,4,0.0145,1.40,8.0512,16.1025,0.2
447,950521,936,123514,30-34,0,21,351,0,0,1,0,0,0.00,0,0,0
448,950531,936,123515,45-49,0,22,572,0,0,1,0,0,0.00,0,0,0
738,1121528,1178,144611,40-44,0,29,172827,25,38.42000043,2,0,0.0145,1.54,19.21,38.42000043,0.22
724,1121484,1178,144604,40-44,0,22,34453,5,7.710000038,1,1,0.0145,1.54,7.71,7.71,0.22
847,1121776,1178,144653,30-34,1,21,103709,15,24.56999969,3,1,0.0145,1.64,8.19,24.57,0.24
450,950550,936,123519,30-34,0,30,219,0,0,1,0,0,0.00,0,0,0
451,950577,936,123523,30-34,0,32,540,0,0,1,1,0,0.00,0,0,0
664,1121368,1178,144585,35-39,0,28,358987,52,87.55000067,1,0,0.0145,1.68,87.55,87.55000067,0.24
735,1121525,1178,144611,40-44,0,29,214094,31,53.26999903,1,0,0.0145,1.72,53.27,53.26999903,0.25
667,1121372,1178,144585,35-39,0,28,378350,55,96.48000073,4,0,0.0145,1.75,24.12,96.48000073,0.26
719,1121474,1178,144602,40-44,0,20,75803,11,19.3599999,2,2,0.0145,1.76,9.68,9.68,0.26
542,1121122,1178,144536,30-34,0,20,399199,58,103.1500002,3,0,0.0145,1.78,34.3833,103.1500002,0.26
1096,1314361,1178,179928,30-34,1,105,596831,86,120.8799992,11,0,0.0144,1.41,10.9891,120.8799992,0.2
701,1121440,1178,144597,40-44,0,10,250499,36,58.14000005,3,1,0.0144,1.62,19.38,58.14,0.23
682,1121403,1178,144591,35-39,0,63,228861,33,53.38999939,4,2,0.0144,1.62,13.3475,26.695,0.23
49,711217,916,104328,35-39,1,20,2783,1,1.600000024,1,0,0.0359,1.60,1.6,1.600000024,0.57
452,950578,936,123523,30-34,0,32,550,0,0,1,0,0,0.00,0,0,0
696,1121429,1178,144595,35-39,0,7,152454,22,37.84999979,1,1,0.0144,1.72,37.85,37.85,0.25
901,1121888,1178,144671,30-34,1,66,41672,6,10.54999995,2,1,0.0144,1.76,5.275,10.55,0.25
875,1121835,1178,144663,30-34,1,31,48935,7,9.970000267,1,1,0.0143,1.42,9.97,9.97,0.2
1109,1314379,1178,179946,35-39,1,108,502710,72,105.2199969,8,2,0.0143,1.46,13.1525,52.61,0.21
733,1121523,1178,144611,40-44,0,29,76923,11,17.67000008,2,2,0.0143,1.61,8.835,8.835,0.23
645,1121335,1178,144579,35-39,0,22,188596,27,44.14000034,3,0,0.0143,1.63,14.7133,44.14000034,0.23
734,1121524,1178,144611,40-44,0,29,209332,30,49.60000014,3,1,0.0143,1.65,16.5333,49.6,0.24
582,1121211,1178,144556,30-34,0,30,223586,32,54.24000037,1,0,0.0143,1.70,54.24,54.24000037,0.24
453,950595,936,123526,30-34,0,26,465,0,0,1,0,0,0.00,0,0,0
576,1121197,1178,144552,30-34,0,28,1109387,159,280.9899995,13,2,0.0143,1.77,21.6146,140.495,0.25
728,1121497,1178,144606,40-44,0,24,209825,30,54.86999953,1,0,0.0143,1.83,54.87,54.86999953,0.26
770,1121606,1178,144624,45-49,0,16,938283,134,248.6400001,7,2,0.0143,1.86,35.52,124.32,0.26
863,1121816,1178,144659,30-34,1,27,259984,37,54.7900002,5,0,0.0142,1.48,10.958,54.7900002,0.21
38,710571,916,104220,30-34,1,32,3091,1,1.610000014,1,1,0.0324,1.61,1.61,1.61,0.52
454,950609,936,123528,30-34,0,29,1761,0,0,1,1,0,0.00,0,0,0
1132,1314403,1178,179970,45-49,1,102,168714,24,36.01000071,2,2,0.0142,1.50,18.005,18.005,0.21
541,1121121,1178,144536,30-34,0,20,323899,46,78.9200002,5,1,0.0142,1.72,15.784,78.92,0.24
680,1121398,1178,144590,35-39,0,36,35088,5,8.800000072,1,1,0.0142,1.76,8.8,8.8,0.25
826,1121742,1178,144647,30-34,1,10,213016,30,44.21999955,8,2,0.0141,1.47,5.5275,22.11,0.21
455,950629,936,123532,30-34,0,65,152,0,0,1,1,0,0.00,0,0,0
456,950631,936,123532,30-34,0,65,152,0,0,1,1,0,0.00,0,0,0
672,1121378,1178,144586,35-39,0,29,1040330,147,254.2500038,13,2,0.0141,1.73,19.5577,127.125,0.24
654,1121347,1178,144581,35-39,0,24,220581,31,57.37,1,1,0.0141,1.85,57.37,57.37,0.26
1112,1314382,1178,179949,35-39,1,111,99810,14,20.05000019,2,0,0.014,1.43,10.025,20.05000019,0.2
658,1121355,1178,144583,35-39,0,26,99961,14,23.2099998,1,0,0.014,1.66,23.21,23.2099998,0.23
558,1121143,1178,144539,30-34,0,23,221695,31,52.26000011,5,2,0.014,1.69,10.452,26.13,0.24
533,1121110,1178,144534,30-34,0,18,880814,123,210.3600006,6,2,0.014,1.71,35.06,105.18,0.24
561,1121164,1178,144545,30-34,0,25,570699,80,138.7699997,9,2,0.014,1.73,15.4189,69.385,0.24
1091,1314355,1178,179922,45-49,0,114,150858,21,30.26000011,1,0,0.0139,1.44,30.26,30.26000011,0.2
457,950649,936,123535,30-34,0,64,429,0,0,1,0,0,0.00,0,0,0
834,1121756,1178,144649,30-34,1,16,705712,98,147.339999,6,1,0.0139,1.50,24.5567,147.34,0.21
652,1121344,1178,144581,35-39,0,24,165177,23,41.71999967,4,1,0.0139,1.81,10.43,41.72,0.25
678,1121394,1178,144589,35-39,0,32,461356,64,121.0999982,6,3,0.0139,1.89,20.1833,40.3667,0.26
1073,1314331,1178,179898,40-44,0,105,137879,19,28.47000003,2,0,0.0138,1.50,14.235,28.47000003,0.21
888,1121860,1178,144667,30-34,1,64,254344,35,56.16999996,2,1,0.0138,1.60,28.085,56.17,0.22
583,1121213,1178,144556,30-34,0,30,283170,39,65.22999996,2,1,0.0138,1.67,32.615,65.23,0.23
710,1121455,1178,144599,40-44,0,16,594267,82,143.3000009,3,2,0.0138,1.75,47.7667,71.65,0.24
458,950745,936,123551,30-34,0,29,1514,0,0,2,2,0,0.00,0,0,0
702,1121442,1178,144597,40-44,0,10,131637,18,29.30999982,2,1,0.0137,1.63,14.655,29.31,0.22
767,1121602,1178,144624,45-49,0,16,915451,125,220.559999,6,1,0.0137,1.76,36.76,220.56,0.24
460,950772,936,123556,35-39,0,28,460,0,0,1,0,0,0.00,0,0,0
569,1121182,1178,144549,30-34,0,27,876671,120,216.5599982,22,4,0.0137,1.80,9.8436,54.14,0.25
674,1121380,1178,144587,35-39,0,30,131091,18,34.23000026,3,1,0.0137,1.90,11.41,34.23,0.26
831,1121753,1178,144649,30-34,1,16,740631,101,153.1199975,9,1,0.0136,1.52,17.0133,153.12,0.21
603,1121261,1178,144567,30-34,0,64,103001,14,22.32000005,1,0,0.0136,1.59,22.32,22.32000005,0.22
461,950773,936,123556,35-39,0,28,471,0,0,1,0,0,0.00,0,0,0
463,950787,936,123558,30-34,0,27,199,0,0,1,0,0,0.00,0,0,0
858,1121806,1178,144658,30-34,1,26,190560,26,41.63,3,1,0.0136,1.60,13.8767,41.63,0.22
464,950808,936,123562,35-39,0,32,398,0,0,1,0,0,0.00,0,0,0
840,1121765,1178,144651,30-34,1,19,51509,7,11.57000005,1,0,0.0136,1.65,11.57,11.57000005,0.22
745,1121548,1178,144615,40-44,0,36,59004,8,13.51000011,1,0,0.0136,1.69,13.51,13.51000011,0.23
614,1121278,1178,144570,30-34,0,7,1044442,142,245.5999999,22,8,0.0136,1.73,11.1636,30.7,0.24
562,1121167,1178,144545,30-34,0,25,1063508,145,260.3800013,23,7,0.0136,1.80,11.3209,37.1971,0.24
465,950839,936,123567,30-34,0,24,246,0,0,2,2,0,0.00,0,0,0
957,1122058,1178,144700,40-44,1,18,22210,3,4.050000191,1,1,0.0135,1.35,4.05,4.05,0.18
616,1121282,1178,144570,30-34,0,7,185823,25,38.54999936,4,1,0.0135,1.54,9.6375,38.55,0.21
878,1121843,1178,144664,30-34,1,32,177452,24,37.83000016,2,0,0.0135,1.58,18.915,37.83000016,0.21
634,1121311,1178,144575,35-39,0,18,140749,19,30.4799999,1,1,0.0135,1.60,30.48,30.48,0.22
679,1121395,1178,144589,35-39,0,32,392541,53,98.70000017,3,2,0.0135,1.86,32.9,49.35,0.25
810,1121685,1178,144638,45-49,0,31,66794,9,17.3299998,1,1,0.0135,1.93,17.33,17.33,0.26
1082,1314343,1178,179910,45-49,0,102,134245,18,25.75000024,2,1,0.0134,1.43,12.875,25.75,0.19
1106,1314373,1178,179940,35-39,1,102,245607,33,47.87999952,3,1,0.0134,1.45,15.96,47.88,0.19
467,950969,936,123588,45-49,0,36,255,0,0,1,0,0,0.00,0,0,0
879,1121844,1178,144664,30-34,1,32,149808,20,33.03999937,1,1,0.0134,1.65,33.04,33.04,0.22
836,1121759,1178,144650,30-34,1,18,515812,69,117.6299995,3,1,0.0134,1.70,39.21,117.63,0.23
468,951021,936,123597,30-34,1,7,457,0,0,1,1,0,0.00,0,0,0
537,1121115,1178,144535,30-34,0,19,410310,55,96.80000055,3,0,0.0134,1.76,32.2667,96.80000055,0.24
535,1121113,1178,144534,30-34,0,18,894911,120,215.8399994,7,4,0.0134,1.80,30.8343,53.96,0.24
570,1121183,1178,144549,30-34,0,27,399392,53,93.07000041,5,0,0.0133,1.76,18.614,93.07000041,0.23
1111,1314381,1178,179948,35-39,1,110,357401,47,68.67000008,8,1,0.0132,1.46,8.5838,68.67,0.19
470,951035,936,123599,30-34,1,10,1539,0,0,1,1,0,0.00,0,0,0
1088,1314351,1178,179918,45-49,0,110,188758,25,36.60000038,2,1,0.0132,1.46,18.3,36.6,0.19
837,1121760,1178,144650,30-34,1,18,764793,101,171.9799976,4,2,0.0132,1.70,42.995,85.99,0.22
655,1121350,1178,144582,35-39,0,25,75804,10,17.36999965,2,1,0.0132,1.74,8.685,17.37,0.23
835,1121758,1178,144650,30-34,1,18,690373,91,159.5700021,5,2,0.0132,1.75,31.914,79.785,0.23
471,951043,936,123601,30-34,1,16,3189,0,0,1,0,0,0.00,0,0,0
706,1121451,1178,144599,40-44,0,16,1117385,147,260.0699984,11,2,0.0132,1.77,23.6427,130.035,0.23
472,951045,936,123601,30-34,1,16,3348,0,0,1,0,0,0.00,0,0,0
1065,1314320,1178,179887,35-39,0,109,106492,14,21.26000023,2,0,0.0131,1.52,10.63,21.26000023,0.2
859,1121807,1178,144658,30-34,1,26,373110,49,75.70000076,4,2,0.0131,1.54,18.925,37.85,0.2
886,1121857,1178,144666,30-34,1,63,91607,12,19.1899997,2,1,0.0131,1.60,9.595,19.19,0.21
669,1121374,1178,144586,35-39,0,29,327158,43,72.3100003,6,2,0.0131,1.68,12.0517,36.155,0.22
617,1121284,1178,144571,30-34,0,66,175631,23,40.75999951,1,0,0.0131,1.77,40.76,40.75999951,0.23
653,1121345,1178,144581,35-39,0,24,84194,11,19.56999981,1,0,0.0131,1.78,19.57,19.56999981,0.23
1061,1314314,1178,179881,35-39,0,103,92080,12,16.94000018,3,2,0.013,1.41,5.6467,8.47,0.18
699,1121437,1178,144596,35-39,0,66,38580,5,8.519999981,1,0,0.013,1.70,8.52,8.519999981,0.22
474,951102,936,123611,45-49,0,16,2254,0,0,1,0,0,0.00,0,0,0
622,1121290,1178,144572,35-39,0,10,770749,100,189.1299984,13,3,0.013,1.89,14.5485,63.0433,0.25
606,1121264,1178,144567,30-34,0,64,93015,12,18.47000015,1,0,0.0129,1.54,18.47,18.47000015,0.2
763,1121597,1178,144623,45-49,0,15,54237,7,10.77999985,2,1,0.0129,1.54,5.39,10.78,0.2
543,1121123,1178,144536,30-34,0,20,171202,22,36.53000021,3,1,0.0129,1.66,12.1767,36.53,0.21
1066,1314321,1178,179888,35-39,0,110,233845,30,40.73000062,3,0,0.0128,1.36,13.5767,40.73000062,0.17
479,951270,936,123639,35-39,1,18,784,0,0,1,1,0,0.00,0,0,0
482,951294,936,123643,35-39,1,15,699,0,0,1,0,0,0.00,0,0,0
839,1121764,1178,144651,30-34,1,19,23368,3,4.300000191,1,0,0.0128,1.43,4.3,4.300000191,0.18
648,1121338,1178,144580,35-39,0,23,31265,4,5.789999902,1,0,0.0128,1.45,5.79,5.789999902,0.19
1077,1314336,1178,179903,40-44,0,110,187236,24,34.86999965,2,2,0.0128,1.45,17.435,17.435,0.19
1086,1314349,1178,179916,45-49,0,108,267106,34,50.5,4,1,0.0127,1.49,12.625,50.5,0.19
635,1121312,1178,144575,35-39,0,18,102525,13,20.29999983,2,1,0.0127,1.56,10.15,20.3,0.2
1078,1314337,1178,179904,40-44,0,111,72157,9,13.50000036,1,1,0.0125,1.50,13.5,13.5,0.19
817,1121701,1178,144640,45-49,0,36,23973,3,4.820000052,1,1,0.0125,1.61,4.82,4.82,0.2
838,1121763,1178,144651,30-34,1,19,87832,11,18.10000038,1,1,0.0125,1.65,18.1,18.1,0.21
768,1121603,1178,144624,45-49,0,16,159478,20,33.89999998,3,1,0.0125,1.70,11.3,33.9,0.21
1060,1314313,1178,179880,35-39,0,102,128859,16,23.69999957,1,0,0.0124,1.48,23.7,23.69999957,0.18
597,1121246,1178,144562,30-34,0,36,105047,13,20.2099994,3,1,0.0124,1.55,6.7367,20.21,0.19
1076,1314334,1178,179901,40-44,0,108,146246,18,28.71999955,3,1,0.0123,1.60,9.5733,28.72,0.2
19,709179,916,103988,35-39,0,15,4627,1,1.690000057,1,0,0.0216,1.69,1.69,1.690000057,0.37
707,1121452,1178,144599,40-44,0,16,1663441,205,359.4700001,17,6,0.0123,1.75,21.1453,59.9117,0.22
483,951305,936,123644,35-39,1,10,1104,0,0,1,0,0,0.00,0,0,0
1115,1314385,1178,179952,35-39,1,114,90470,11,16.73000002,1,1,0.0122,1.52,16.73,16.73,0.18
605,1121263,1178,144567,30-34,0,64,156101,19,29.75000048,2,2,0.0122,1.57,14.875,14.875,0.19
560,1121153,1178,144541,30-34,0,24,187856,23,38.38999975,5,1,0.0122,1.67,7.678,38.39,0.2
578,1121203,1178,144554,30-34,0,29,1048861,128,219.770002,22,8,0.0122,1.72,9.9895,27.4713,0.21
632,1121309,1178,144575,35-39,0,18,131060,16,28.04999959,2,1,0.0122,1.75,14.025,28.05,0.21
695,1121428,1178,144595,35-39,0,7,131232,16,29.53999937,1,1,0.0122,1.85,29.54,29.54,0.23
488,951402,936,123661,30-34,1,29,1118,0,0,1,1,0,0.00,0,0,0
673,1121379,1178,144587,35-39,0,30,49422,6,11.17000031,1,0,0.0121,1.86,11.17,11.17000031,0.23
1114,1314384,1178,179951,35-39,1,113,441192,53,77.59999979,6,2,0.012,1.46,12.9333,38.8,0.18
1089,1314353,1178,179920,45-49,0,112,108426,13,19.58000016,1,0,0.012,1.51,19.58,19.58000016,0.18
489,951413,936,123662,30-34,1,26,1083,0,0,2,1,0,0.00,0,0,0
854,1121795,1178,144656,30-34,1,24,24959,3,4.560000062,1,1,0.012,1.52,4.56,4.56,0.18
926,1121953,1178,144682,35-39,1,25,8341,1,1.639999986,1,0,0.012,1.64,1.64,1.639999986,0.2
644,1121334,1178,144579,35-39,0,22,108362,13,22.42999983,1,1,0.012,1.73,22.43,22.43,0.21
563,1121168,1178,144545,30-34,0,25,50523,6,8.549999952,1,0,0.0119,1.43,8.55,8.549999952,0.17
572,1121185,1178,144549,30-34,0,27,260699,31,54.09999871,5,2,0.0119,1.75,10.82,27.05,0.21
565,1121173,1178,144547,30-34,0,26,278225,33,60.19999957,3,0,0.0119,1.82,20.0667,60.19999957,0.22
548,1121128,1178,144537,30-34,0,21,286553,34,62.06000042,2,1,0.0119,1.83,31.03,62.06,0.22
708,1121453,1178,144599,40-44,0,16,455248,54,105.7099996,5,2,0.0119,1.96,21.142,52.855,0.23
1053,1314301,1178,179868,30-34,0,105,312524,37,53.78999972,2,0,0.0118,1.45,26.895,53.78999972,0.17
1075,1314333,1178,179900,40-44,0,107,348180,41,60.22999907,3,1,0.0118,1.47,20.0767,60.23,0.17
1081,1314341,1178,179908,45-49,0,100,101410,12,17.94000006,4,0,0.0118,1.50,4.485,17.94000006,0.18
613,1121277,1178,144570,30-34,0,7,169108,20,32.24000025,2,1,0.0118,1.61,16.12,32.24,0.19
637,1121317,1178,144576,35-39,0,19,76355,9,14.62999988,2,0,0.0118,1.63,7.315,14.62999988,0.19
519,1121091,1178,144531,30-34,0,10,1194718,141,254.049996,28,14,0.0118,1.80,9.0732,18.1464,0.21
611,1121275,1178,144569,30-34,0,2,118522,14,26.81999981,2,1,0.0118,1.92,13.41,26.82,0.23
1070,1314326,1178,179893,40-44,0,100,76703,9,12.14999962,3,1,0.0117,1.35,4.05,12.15,0.16
891,1121863,1178,144667,30-34,1,64,94136,11,16.17999971,1,0,0.0117,1.47,16.18,16.17999971,0.17
784,1121628,1178,144628,45-49,0,21,59838,7,11.11000013,1,0,0.0117,1.59,11.11,11.11000013,0.19
490,951420,936,123664,30-34,1,27,843,0,0,1,0,0,0.00,0,0,0
615,1121279,1178,144570,30-34,0,7,93891,11,17.6400001,5,3,0.0117,1.60,3.528,5.88,0.19
544,1121124,1178,144536,30-34,0,20,128386,15,28.85000002,2,1,0.0117,1.92,14.425,28.85,0.22
714,1121467,1178,144601,40-44,0,19,42563,5,9.659999847,1,1,0.0117,1.93,9.66,9.66,0.23
625,1121293,1178,144572,35-39,0,10,427729,50,96.8999989,4,1,0.0117,1.94,24.225,96.9,0.23
626,1121296,1178,144573,35-39,0,15,180351,21,37.13000011,1,1,0.0116,1.77,37.13,37.13,0.21
523,1121096,1178,144531,30-34,0,10,750060,86,161.9099991,11,2,0.0115,1.88,14.7191,80.955,0.22
1103,1314368,1178,179935,30-34,1,112,699232,80,111.9899995,12,3,0.0114,1.40,9.3325,37.33,0.16
850,1121782,1178,144654,30-34,1,22,26340,3,4.220000029,1,1,0.0114,1.41,4.22,4.22,0.16
668,1121373,1178,144586,35-39,0,29,492784,56,95.5100013,7,4,0.0114,1.71,13.6443,23.8775,0.19
782,1121624,1178,144627,45-49,0,20,17662,2,3.189999938,1,0,0.0113,1.60,3.19,3.189999938,0.18
893,1121869,1178,144668,30-34,1,65,17870,2,2.620000005,1,1,0.0112,1.31,2.62,2.62,0.15
643,1121333,1178,144579,35-39,0,22,88970,10,14.8300004,2,0,0.0112,1.48,7.415,14.8300004,0.17
594,1121243,1178,144562,30-34,0,36,53520,6,9.2299999,1,1,0.0112,1.54,9.23,9.23,0.17
833,1121755,1178,144649,30-34,1,16,178455,20,31.5400002,6,3,0.0112,1.58,5.2567,10.5133,0.18
577,1121202,1178,144554,30-34,0,29,581281,65,115.1200008,10,5,0.0112,1.77,11.512,23.024,0.2
681,1121400,1178,144590,35-39,0,36,53933,6,9.929999948,3,1,0.0111,1.66,3.31,9.93,0.18
711,1121456,1178,144599,40-44,0,16,315281,35,65.02999854,1,0,0.0111,1.86,65.03,65.02999854,0.21
526,1121100,1178,144532,30-34,0,15,3052003,340,639.9499981,60,17,0.0111,1.88,10.6658,37.6441,0.21
1079,1314338,1178,179905,40-44,0,112,91180,10,13.55999994,1,0,0.011,1.36,13.56,13.55999994,0.15
1098,1314363,1178,179930,30-34,1,107,780967,86,119.6400018,20,4,0.011,1.39,5.982,29.91,0.15
610,1121274,1178,144569,30-34,0,2,63785,7,11.80000019,6,2,0.011,1.69,1.9667,5.9,0.18
595,1121244,1178,144562,30-34,0,36,181683,20,34.22999972,2,1,0.011,1.71,17.115,34.23,0.19
534,1121111,1178,144534,30-34,0,18,182452,20,35.73000026,4,1,0.011,1.79,8.9325,35.73,0.2
1055,1314306,1178,179873,30-34,0,110,310988,34,46.66999936,11,3,0.0109,1.37,4.2427,15.5567,0.15
546,1121126,1178,144536,30-34,0,20,45923,5,7.220000148,2,0,0.0109,1.44,3.61,7.220000148,0.16
1067,1314323,1178,179890,35-39,0,112,155426,17,25.01000023,3,0,0.0109,1.47,8.3367,25.01000023,0.16
830,1121751,1178,144649,30-34,1,16,275930,30,46.77999997,5,2,0.0109,1.56,9.356,23.39,0.17
522,1121095,1178,144531,30-34,0,10,459690,50,86.33000112,5,2,0.0109,1.73,17.266,43.165,0.19
618,1121285,1178,144571,30-34,0,66,37187,4,6.370000005,1,0,0.0108,1.59,6.37,6.370000005,0.17
624,1121292,1178,144572,35-39,0,10,362296,39,67.77000129,7,3,0.0108,1.74,9.6814,22.59,0.19
598,1121250,1178,144565,30-34,0,63,287976,31,59.43999982,3,2,0.0108,1.92,19.8133,29.72,0.21
687,1121413,1178,144592,35-39,0,64,65060,7,14.5200001,1,1,0.0108,2.07,14.52,14.52,0.22
1085,1314348,1178,179915,45-49,0,107,121769,13,18.41999996,2,1,0.0107,1.42,9.21,18.42,0.15
805,1121674,1178,144636,45-49,0,29,168655,18,27.29999983,2,0,0.0107,1.52,13.65,27.29999983,0.16
832,1121754,1178,144649,30-34,1,16,328272,35,55.99000025,2,1,0.0107,1.60,27.995,55.99,0.17
657,1121353,1178,144582,35-39,0,25,28194,3,3.709999919,2,0,0.0106,1.24,1.855,3.709999919,0.13
787,1121638,1178,144630,45-49,0,23,18946,2,3.599999905,1,0,0.0106,1.80,3.6,3.599999905,0.19
629,1121302,1178,144574,35-39,0,16,1206533,128,236.1199988,17,6,0.0106,1.84,13.8894,39.3533,0.2
571,1121184,1178,144549,30-34,0,27,283858,30,56.05999923,1,0,0.0106,1.87,56.06,56.05999923,0.2
555,1121138,1178,144538,30-34,0,22,328991,35,67.65000057,5,2,0.0106,1.93,13.53,33.825,0.21
589,1121229,1178,144561,30-34,0,32,404866,43,87.42000079,4,0,0.0106,2.03,21.855,87.42000079,0.22
520,1121092,1178,144531,30-34,0,10,637648,67,122.4,13,5,0.0105,1.83,9.4154,24.48,0.19
894,1121871,1178,144669,30-34,1,2,19178,2,2.779999971,1,1,0.0104,1.39,2.78,2.78,0.14
599,1121251,1178,144565,30-34,0,63,212175,22,38.58999968,2,1,0.0104,1.75,19.295,38.59,0.18
492,951448,936,123668,30-34,1,25,696,0,0,1,0,0,0.00,0,0,0
551,1121132,1178,144537,30-34,0,21,114923,12,23.73000026,4,2,0.0104,1.98,5.9325,11.865,0.21
757,1121585,1178,144621,40-44,0,66,9773,1,1.460000038,1,0,0.0102,1.46,1.46,1.460000038,0.15
882,1121847,1178,144665,30-34,1,36,39339,4,5.929999948,1,0,0.0102,1.48,5.93,5.929999948,0.15
816,1121695,1178,144639,45-49,0,32,29455,3,4.769999981,1,0,0.0102,1.59,4.77,4.769999981,0.16
581,1121207,1178,144554,30-34,0,29,374175,38,63.32000101,8,3,0.0102,1.67,7.915,21.1067,0.17
564,1121172,1178,144547,30-34,0,26,87935,9,15.63000023,1,0,0.0102,1.74,15.63,15.63000023,0.18
1101,1314366,1178,179933,30-34,1,110,99020,10,14.48000044,4,1,0.0101,1.45,3.62,14.48,0.15
579,1121205,1178,144554,30-34,0,29,297452,30,52.01999986,4,1,0.0101,1.73,13.005,52.02,0.17
870,1121827,1178,144661,30-34,1,29,30155,3,3.819999933,1,0,0.0099,1.27,3.82,3.819999933,0.13
586,1121220,1178,144558,30-34,0,31,100596,10,13.91999972,4,2,0.0099,1.39,3.48,6.96,0.14
1084,1314346,1178,179913,45-49,0,105,50406,5,7.26000011,1,1,0.0099,1.45,7.26,7.26,0.14
496,951498,936,123677,45-49,1,20,259,0,0,1,0,0,0.00,0,0,0
547,1121127,1178,144537,30-34,0,21,40873,4,7.899999976,2,1,0.0098,1.98,3.95,7.9,0.19
580,1121206,1178,144554,30-34,0,29,227925,22,35.30999994,22,12,0.0097,1.61,1.605,2.9425,0.15
529,1121104,1178,144533,30-34,0,16,2080666,202,360.1500015,40,21,0.0097,1.78,9.0038,17.15,0.17
525,1121098,1178,144532,30-34,0,15,1267550,123,236.7699986,24,10,0.0097,1.93,9.8654,23.677,0.19
1064,1314319,1178,179886,35-39,0,108,145324,14,19.82000005,2,1,0.0096,1.42,9.91,19.82,0.14
532,1121108,1178,144533,30-34,0,16,984521,95,163.8999972,26,14,0.0096,1.73,6.3038,11.7071,0.17
1052,1314299,1178,179866,30-34,0,103,189761,18,27.32999969,4,1,0.0095,1.52,6.8325,27.33,0.14
623,1121291,1178,144572,35-39,0,10,52553,5,8.529999852,1,0,0.0095,1.71,8.53,8.529999852,0.16
566,1121175,1178,144547,30-34,0,26,209461,20,34.19000006,1,0,0.0095,1.71,34.19,34.19000006,0.16
683,1121405,1178,144591,35-39,0,63,20959,2,3.769999981,1,1,0.0095,1.89,3.77,3.77,0.18
554,1121136,1178,144538,30-34,0,22,169588,16,27.79999924,1,0,0.0094,1.74,27.8,27.79999924,0.16
642,1121330,1178,144578,35-39,0,21,21743,2,3.400000095,1,0,0.0092,1.70,3.4,3.400000095,0.16
497,951508,936,123678,30-34,1,18,1134,0,0,1,0,0,0.00,0,0,0
621,1121289,1178,144572,35-39,0,10,98066,9,16.1500001,1,0,0.0092,1.79,16.15,16.1500001,0.16
1056,1314307,1178,179874,30-34,0,111,98606,9,12.10999984,1,0,0.0091,1.35,12.11,12.10999984,0.12
601,1121254,1178,144565,30-34,0,63,124005,11,21.84999979,4,1,0.0089,1.99,5.4625,21.85,0.18
573,1121193,1178,144552,30-34,0,28,57781,5,7.800000072,2,1,0.0087,1.56,3.9,7.8,0.13
867,1121820,1178,144660,30-34,1,28,11471,1,1.570000052,0,0,0.0087,1.57,1.570000052,1.570000052,0.14
498,951542,936,123684,40-44,1,27,357,0,0,1,0,0,0.00,0,0,0
1093,1314358,1178,179925,30-34,1,102,104496,9,11.42999983,3,2,0.0086,1.27,3.81,5.715,0.11
499,951607,936,123695,40-44,1,10,848,0,0,1,1,0,0.00,0,0,0
556,1121141,1178,144539,30-34,0,23,23198,2,2.980000019,1,0,0.0086,1.49,2.98,2.980000019,0.13
1054,1314303,1178,179870,30-34,0,107,496760,42,61.00999904,10,3,0.0085,1.45,6.101,20.3367,0.12
528,1121102,1178,144532,30-34,0,15,357856,30,52.97000015,7,3,0.0084,1.77,7.5671,17.6567,0.15
671,1121377,1178,144586,35-39,0,29,59390,5,9.209999919,5,3,0.0084,1.84,1.842,3.07,0.16
550,1121131,1178,144537,30-34,0,21,83591,7,14.14000046,2,2,0.0084,2.02,7.07,7.07,0.17
630,1121303,1178,144574,35-39,0,16,84494,7,12.57000017,2,0,0.0083,1.80,6.285,12.57000017,0.15
1068,1314324,1178,179891,35-39,0,113,97540,8,11.5199995,2,1,0.0082,1.44,5.76,11.52,0.12
501,951641,936,123700,40-44,1,2,87,0,0,1,1,0,0.00,0,0,0
907,1121897,1178,144673,35-39,1,15,24664,2,2.629999995,1,1,0.0081,1.32,2.63,2.63,0.11
1069,1314325,1178,179892,35-39,0,114,61441,5,7.700000048,1,0,0.0081,1.54,7.7,7.700000048,0.13
1063,1314318,1178,179885,35-39,0,107,112776,9,12.67999995,1,0,0.008,1.41,12.68,12.67999995,0.11
503,951692,936,123709,35-39,1,10,1107,0,0,1,0,0,0.00,0,0,0
684,1121410,1178,144592,35-39,0,64,24992,2,3.190000057,1,0,0.008,1.60,3.19,3.190000057,0.13
884,1121855,1178,144666,30-34,1,63,24893,2,3.75,1,0,0.008,1.88,3.75,3.75,0.15
1058,1314309,1178,179876,30-34,0,113,276762,22,32.09000015,5,1,0.0079,1.46,6.418,32.09,0.12
709,1121454,1178,144599,40-44,0,16,75589,6,10.66000009,1,1,0.0079,1.78,10.66,10.66,0.14
507,951782,936,123724,45-49,1,26,781,0,0,1,0,0,0.00,0,0,0
508,951810,936,123729,35-39,1,16,2226,0,0,1,0,0,0.00,0,0,0
559,1121152,1178,144541,30-34,0,24,88443,7,13.0400002,1,1,0.0079,1.86,13.04,13.04,0.15
587,1121223,1178,144558,30-34,0,31,64020,5,11.0599997,1,0,0.0078,2.21,11.06,11.0599997,0.17
574,1121195,1178,144552,30-34,0,28,38757,3,5.220000029,1,0,0.0077,1.74,5.22,5.220000029,0.13
593,1121242,1178,144562,30-34,0,36,38900,3,5.580000043,1,0,0.0077,1.86,5.58,5.580000043,0.14
567,1121177,1178,144547,30-34,0,26,26316,2,3.24000001,3,0,0.0076,1.62,1.08,3.24000001,0.12
1113,1314383,1178,179950,35-39,1,112,81569,6,9.409999967,3,1,0.0074,1.57,3.1367,9.41,0.12
557,1121142,1178,144539,30-34,0,23,26890,2,3.24000001,1,0,0.0074,1.62,3.24,3.24000001,0.12
631,1121304,1178,144574,35-39,0,16,94257,7,12.5800004,1,1,0.0074,1.80,12.58,12.58,0.13
568,1121181,1178,144549,30-34,0,27,41030,3,5.140000105,2,1,0.0073,1.71,2.57,5.14,0.13
553,1121134,1178,144538,30-34,0,22,68905,5,9.440000057,1,0,0.0073,1.89,9.44,9.440000057,0.14
511,951853,936,123736,30-34,1,20,529,0,0,0,0,0,0.00,0,0,0
584,1121215,1178,144556,30-34,0,30,41636,3,4.210000038,1,0,0.0072,1.40,4.21,4.210000038,0.1
876,1121839,1178,144663,30-34,1,31,13911,1,1.730000019,1,1,0.0072,1.73,1.73,1.73,0.12
1080,1314339,1178,179906,40-44,0,113,86293,6,9.259999871,1,1,0.007,1.54,9.26,9.26,0.11
697,1121430,1178,144595,35-39,0,7,28989,2,2.290000021,1,0,0.0069,1.15,2.29,2.290000021,0.08
1050,1314297,1178,179864,30-34,0,101,72228,5,7.529999852,4,4,0.0069,1.51,1.8825,1.8825,0.1
596,1121245,1178,144562,30-34,0,36,29185,2,3.149999976,1,0,0.0069,1.58,3.15,3.149999976,0.11
591,1121233,1178,144561,30-34,0,32,57690,4,6.74000001,1,0,0.0069,1.69,6.74,6.74000001,0.12
1090,1314354,1178,179921,45-49,0,113,138525,9,13.65000045,3,0,0.0065,1.52,4.55,13.65000045,0.1
676,1121390,1178,144588,35-39,0,31,15513,1,1.289999962,1,0,0.0064,1.29,1.29,1.289999962,0.08
536,1121114,1178,144534,30-34,0,18,31349,2,3.800000072,1,0,0.0064,1.90,3.8,3.800000072,0.12
530,1121105,1178,144533,30-34,0,16,145999,9,16.5200001,5,2,0.0062,1.84,3.304,8.26,0.11
1099,1314364,1178,179931,30-34,1,108,132124,8,11.18999994,4,0,0.0061,1.40,2.7975,11.18999994,0.08
1059,1314312,1178,179879,35-39,0,101,33534,2,2.960000038,1,1,0.006,1.48,2.96,2.96,0.09
1049,1314296,1178,179863,30-34,0,100,33445,2,3.199999928,1,0,0.006,1.60,3.2,3.199999928,0.1
1072,1314330,1178,179897,40-44,0,104,17559,1,1.49000001,1,1,0.0057,1.49,1.49,1.49,0.08
602,1121255,1178,144565,30-34,0,63,20423,1,1.960000038,1,0,0.0049,1.96,1.96,1.960000038,0.1
512,951854,936,123736,30-34,1,20,487,0,0,1,0,0,0.00,0,0,0
549,1121129,1178,144537,30-34,0,21,20618,1,2.099999905,2,1,0.0049,2.10,1.05,2.1,0.1
590,1121231,1178,144561,30-34,0,32,22256,1,1.659999967,1,1,0.0045,1.66,1.66,1.66,0.07
1051,1314298,1178,179865,30-34,0,102,49699,2,2.690000057,2,1,0.004,1.35,1.345,2.69,0.05
552,1121133,1178,144538,30-34,0,22,25002,1,1.710000038,1,0,0.004,1.71,1.71,1.710000038,0.07
1057,1314308,1178,179875,30-34,0,112,51104,2,3.199999928,3,1,0.0039,1.60,1.0667,3.2,0.06
527,1121101,1178,144532,30-34,0,15,29945,1,1.590000033,2,1,0.0033,1.59,0.795,1.59,0.05
524,1121097,1178,144532,30-34,0,15,30068,1,1.820000052,1,0,0.0033,1.82,1.82,1.820000052,0.06
531,1121107,1178,144533,30-34,0,16,32616,1,1.539999962,2,0,0.0031,1.54,0.77,1.539999962,0.05
521,1121094,1178,144531,30-34,0,10,24362,0,0,1,1,0,0.00,0,0,0
588,1121224,1178,144558,30-34,0,31,14289,0,0,1,0,0,0.00,0,0,0
600,1121252,1178,144565,30-34,0,63,11139,0,0,1,1,0,0.00,0,0,0
609,1121273,1178,144569,30-34,0,2,9370,0,0,1,1,0,0.00,0,0,0
619,1121286,1178,144571,30-34,0,66,10991,0,0,1,0,0,0.00,0,0,0
659,1121359,1178,144583,35-39,0,26,7573,0,0,1,0,0,0.00,0,0,0
670,1121375,1178,144586,35-39,0,29,9921,0,0,1,0,0,0.00,0,0,0
517,952080,936,123774,40-44,1,27,415,0,0,1,0,0,0.00,0,0,0
518,952100,936,123777,35-39,1,29,810,0,0,1,1,0,0.00,0,0,0
720,1121477,1178,144603,40-44,0,21,7073,0,0,1,0,0,0.00,0,0,0
852,1121791,1178,144655,30-34,1,23,6838,0,0,1,0,0,0.00,0,0,0
881,1121846,1178,144664,30-34,1,32,8350,0,0,1,0,0,0.00,0,0,0
883,1121854,1178,144666,30-34,1,63,8587,0,0,1,0,0,0.00,0,0,0
895,1121873,1178,144669,30-34,1,2,5264,0,0,1,0,0,0.00,0,0,0
